DTStack/flinkStreamSQL,CVE-2020-17518
zhp8341/flink-streaming-platform-web,CVE-2020-1960
ambition119/FlinkSQL,CVE-2020-1960
ambition119/FlinkSQL,CVE-2020-17518
ververica/flink-training-exercises,CVE-2020-1960
ververica/flink-training-exercises,CVE-2020-17518
ivi-ru/flink-clickhouse-sink,CVE-2020-1960
ivi-ru/flink-clickhouse-sink,CVE-2020-17518
wuchong/flink-sql-submit,CVE-2020-1960
wuchong/flink-sql-submit,CVE-2020-17518
haoch/flink-siddhi,CVE-2020-1960
haoch/flink-siddhi,CVE-2020-17518
streaming-with-flink/examples-java,CVE-2020-1960
streaming-with-flink/examples-java,CVE-2020-17518
ottogroup/flink-spector,CVE-2020-1960
ottogroup/flink-spector,CVE-2020-17518
dbs-leipzig/gradoop,CVE-2020-17518
ververica/flink-jdbc-driver,CVE-2020-1960
ververica/flink-jdbc-driver,CVE-2020-17518
Flink-zhisheng/flink-learning,CVE-2020-1960
Flink-zhisheng/flink-learning,CVE-2020-17518
alibaba/alibaba-flink-connectors,CVE-2020-1960
alibaba/alibaba-flink-connectors,CVE-2020-17518
tgrall/kafka-flink-101,CVE-2020-1960
jyj019/flinkDemo,CVE-2020-1960
btleedev/Flink-Streaming-Spring-Boot,CVE-2020-1960
btleedev/Flink-Streaming-Spring-Boot,CVE-2020-17518
QuakeWang/FlinkTutorial,CVE-2020-17518
quan2005/flink-connector-debezium,CVE-2020-1960
quan2005/flink-connector-debezium,CVE-2020-17518
tillrohrmann/cep-monitoring,CVE-2020-1960
tillrohrmann/cep-monitoring,CVE-2020-17518
ScaleUnlimited/flink-crawler,CVE-2020-1960
ScaleUnlimited/flink-crawler,CVE-2020-17518
vasia/gelly-streaming,CVE-2020-1960
vasia/gelly-streaming,CVE-2020-17518
aistairc/SpatialFlink,CVE-2020-1960
aistairc/SpatialFlink,CVE-2020-17518
davidcampos/kafka-spark-flink-example,CVE-2020-1960
phil3k3/flink-cep-dsl,CVE-2020-1960
phil3k3/flink-cep-dsl,CVE-2020-17518
code-dm/mriya,CVE-2020-1960
code-dm/mriya,CVE-2020-17518
dongbin86/flink-clickhouse-sink,CVE-2020-1960
dongbin86/flink-clickhouse-sink,CVE-2020-17518
binglind/alchemy,CVE-2020-1960
binglind/alchemy,CVE-2020-17518
uber-archive/AthenaX,CVE-2020-1960
zengxiaosen/flinkMultiStreamOptimization,CVE-2020-1960
Chengyanan1008/flink-sql-submit-client,CVE-2020-17518
Chengyanan1008/flink-sql-submit-client,CVE-2020-17519
WeiWan5675/FlinkSupport,CVE-2020-17518
WeiWan5675/FlinkSupport,CVE-2020-17519
awslabs/amazon-kinesis-connector-flink,CVE-2020-17518
awslabs/amazon-kinesis-connector-flink,CVE-2020-17519
aws/aws-kinesisanalytics-flink-connectors,CVE-2020-1960
aws/aws-kinesisanalytics-flink-connectors,CVE-2020-17518
ajiniesta/flink-connector-mqtt,CVE-2020-1960
galgus/flink-connector-http,CVE-2020-1960
galgus/flink-connector-http,CVE-2020-17518
gaogf/flink-on-hands,CVE-2020-1960
gaogf/flink-on-hands,CVE-2020-17518
flinkx/flinkx,CVE-2020-17518
flinkx/flinkx,CVE-2020-17519
preetdeepkumar/flink-connector-tutorials,CVE-2020-1960
preetdeepkumar/flink-connector-tutorials,CVE-2020-17518
duhanmin/rocketmq-flink,CVE-2020-1960
duhanmin/rocketmq-flink,CVE-2020-17518
antonrud/flink-kafka-influx-grafana-framework,CVE-2020-1960
tencentyun/flink-cos-fs,CVE-2020-1960
tencentyun/flink-cos-fs,CVE-2020-17518
geekyouth/flink-pi,CVE-2020-1960
geekyouth/flink-pi,CVE-2020-17518
phil3k3/flink-esper,CVE-2020-1960
DataseekCN/flink_automobile_monitor,CVE-2020-1960
albertodelazzari/flink-neo4j,CVE-2020-1960
datafibers-community/df_data_service,CVE-2020-1960
preetdeepkumar/flink-tutorials,CVE-2020-1960
preetdeepkumar/flink-tutorials,CVE-2020-17518
arjunsk-archive/flink-kinesis-data-analytics-sample,CVE-2020-1960
arjunsk-archive/flink-kinesis-data-analytics-sample,CVE-2020-17518
yang69/flink-connector-redis_2.11,CVE-2020-1960
xu20160924/FlinkPlus,CVE-2020-17518
xu20160924/FlinkPlus,CVE-2020-17519
s1ck/ldbc-flink-import,CVE-2020-1960
uk0/rocketmq-flink-plugin,CVE-2020-1960
pkhanal/flink-watson-iot-connector,CVE-2020-1960
spafka/flink_in_action,CVE-2020-1960
spafka/flink_in_action,CVE-2020-17518
zjffdu/flink-udf,CVE-2020-1960
zjffdu/flink-udf,CVE-2020-17518
michalklempa/flink-state-metadata,CVE-2020-1960
michalklempa/flink-state-metadata,CVE-2020-17518
wikimedia/citolytics,CVE-2020-1960
flink-taiwan/jcconf2016-workshop,CVE-2020-1960
wooplevip/flink-tutorials,CVE-2020-1960
wooplevip/flink-tutorials,CVE-2020-17518
fabricalab/streaming-flink-file-source,CVE-2020-1960
fabricalab/streaming-flink-file-source,CVE-2020-17518
GatsbyNewton/learning-flink,CVE-2020-1960
GatsbyNewton/learning-flink,CVE-2020-17518
gyfora/flink-solr-log-indexer,CVE-2020-1960
gyfora/flink-solr-log-indexer,CVE-2020-17518
cking0821/mumu-flink,CVE-2020-1960
XBaith/ams-recommendation-system,CVE-2020-1960
XBaith/ams-recommendation-system,CVE-2020-17518
zylklab/flink_cep_examples,CVE-2020-1960
zylklab/flink_cep_examples,CVE-2020-17518
zhangjinye158/dt-center-flinkStreamSQL,CVE-2020-1960
zhangjinye158/dt-center-flinkStreamSQL,CVE-2020-17518
kylemeow/flink-snapshot-analyzer,CVE-2020-17518
kylemeow/flink-snapshot-analyzer,CVE-2020-17519
fabricalab/streaming-flink-dynamodb-connector,CVE-2020-1960
fabricalab/streaming-flink-dynamodb-connector,CVE-2020-17518
11JJChina/flink-learning,CVE-2020-1960
11JJChina/flink-learning,CVE-2020-17518
amient/hello-streams,CVE-2020-1960
amient/hello-streams,CVE-2020-17518
ShangBaiShuYao/flink-learning-from-zhisheng,CVE-2020-1960
ShangBaiShuYao/flink-learning-from-zhisheng,CVE-2020-17518
liwei199411/Flink-accessmonitor,CVE-2020-1960
liwei199411/Flink-accessmonitor,CVE-2020-17518
ycd2003/flinkx-all,CVE-2020-1960
ycd2003/flinkx-all,CVE-2020-17518
frett27/osm-flink-tools,CVE-2020-1960
fediazgon/flink-vehicle-telematics,CVE-2020-1960
fediazgon/flink-vehicle-telematics,CVE-2020-17518
tree1123/flink_demo_1.9,CVE-2020-1960
tree1123/flink_demo_1.9,CVE-2020-17518
xuyuhanGithub/UserBehavior,CVE-2020-1960
xuyuhanGithub/UserBehavior,CVE-2020-17518
aaitor/flink-charts,CVE-2020-1960
peigenxiao/flink-training-exercises,CVE-2020-1960
peigenxiao/flink-training-exercises,CVE-2020-17518
davidrabinowitz/flink-bigquery-connector,CVE-2020-17518
davidrabinowitz/flink-bigquery-connector,CVE-2020-17519
mapr-demos/mapr-streams-flink-demo,CVE-2020-1960
fhueske/flink-training-exercises,CVE-2020-1960
cyq89051127/flink-redis-sink,CVE-2020-1960
cyq89051127/flink-redis-sink,CVE-2020-17518
getindata/flink-influxdb-reporter,CVE-2020-1960
delftdata/flink-statefun-transactions,CVE-2020-17518
delftdata/flink-statefun-transactions,CVE-2020-17519
chongchongzi/my-flink-demo,CVE-2020-1960
chongchongzi/my-flink-demo,CVE-2020-17518
kailanyue/SZ-Metro,CVE-2020-17518
kailanyue/SZ-Metro,CVE-2020-17519
wwek/wwek-udx,CVE-2020-17518
wwek/wwek-udx,CVE-2020-17519
icmpnorequest/FlinkLearning,CVE-2020-1960
icmpnorequest/FlinkLearning,CVE-2020-17518
chaokunyang/athena,CVE-2020-1960
sujeek/FlinkDemo,CVE-2020-1960
sujeek/FlinkDemo,CVE-2020-17518
mattczyz/flink-orc,CVE-2020-1960
mattczyz/flink-orc,CVE-2020-17518
dmpalyvos/ananke,CVE-2020-1960
dmpalyvos/ananke,CVE-2020-17518
king/flink-state-cache,CVE-2020-17518
king/flink-state-cache,CVE-2020-17519
dineshtrivedi/flink-java-project,CVE-2020-1960
achugr/flink-comms-processing,CVE-2020-17518
achugr/flink-comms-processing,CVE-2020-17519
shizhengchao/flink-sql-platform,CVE-2020-17518
shizhengchao/flink-sql-platform,CVE-2020-17519
ScaleUnlimited/flink-streaming-kmeans,CVE-2020-1960
ScaleUnlimited/flink-streaming-kmeans,CVE-2020-17518
aikuyun/flinkx,CVE-2020-1960
aikuyun/flinkx,CVE-2020-17518
iamsergiy/KafkaToMongo,CVE-2020-1960
ysjiang4869/code-example,CVE-2020-1960
ysjiang4869/code-example,CVE-2020-17518
dongqiangqiang2/flink,CVE-2020-1960
dongqiangqiang2/flink,CVE-2020-17518
flicck/flink-simpleapi,CVE-2020-1960
flicck/flink-simpleapi,CVE-2020-17518
qingtiandalaoye/net1qian-flink-ctp-demo,CVE-2020-1960
qingtiandalaoye/net1qian-flink-ctp-demo,CVE-2020-17518
iamsir/flink-demo,CVE-2020-1960
iamsir/flink-demo,CVE-2020-17518
azagrebin/flink-service,CVE-2020-1960
azagrebin/flink-service,CVE-2020-17518
lei-zuquan/flink-clickhouse-sink,CVE-2020-1960
lei-zuquan/flink-clickhouse-sink,CVE-2020-17518
DisyInformationssysteme/biggis-streaming-vector-data,CVE-2020-1960
basiszwo/flak-flink-geomesa,CVE-2020-1960
bmeriaux/flink-clean-architecture-example,CVE-2020-1960
bmeriaux/flink-clean-architecture-example,CVE-2020-17518
moutainhigh/flink-rocketmq-cassandra,CVE-2020-1960
moutainhigh/flink-rocketmq-cassandra,CVE-2020-17518
kuberhan/flink-streaming-development-platform,CVE-2020-1960
klarna-incubator/flink-connector-jdbc-1.8,CVE-2020-1960
klarna-incubator/flink-connector-jdbc-1.8,CVE-2020-17518
TU-Berlin-DIMA/Condor,CVE-2020-1960
TU-Berlin-DIMA/Condor,CVE-2020-17518
mcfongtw/flink-cassandra-connector-examples,CVE-2020-1960
mcfongtw/flink-cassandra-connector-examples,CVE-2020-17518
aroch/flink-metrics-dogstatsd,CVE-2020-1960
aroch/flink-metrics-dogstatsd,CVE-2020-17518
eleniKougiou/Flink-cep-automation,CVE-2020-17518
wooplevip/tlink,CVE-2020-1960
wooplevip/tlink,CVE-2020-17518
lwyh/flinkStreamSQL,CVE-2020-1960
lwyh/flinkStreamSQL,CVE-2020-17518
dbsd11/flinkStreamSQL-test,CVE-2020-17518
dbsd11/flinkStreamSQL-test,CVE-2020-17519
simenliuxing/flinkStreamSQL,CVE-2020-1960
simenliuxing/flinkStreamSQL,CVE-2020-17518
hb-chen/flink-practice,CVE-2020-1960
hb-chen/flink-practice,CVE-2020-17518
gmarciani/flink-app,CVE-2020-1960
vraja2/flink-sessionization,CVE-2020-1960
vraja2/flink-sessionization,CVE-2020-17518
kbialek/flink-consul,CVE-2020-17518
kbialek/flink-consul,CVE-2020-17519
e3oroush/flink-tutorial,CVE-2020-1960
e3oroush/flink-tutorial,CVE-2020-17518
rootcss/flink-rabbitmq,CVE-2020-1960
finkformatics/flink-percentiles,CVE-2020-1960
godatadriven/flink-streaming-xke,CVE-2020-1960
xieyucan/flink-easy-function,CVE-2020-1960
xieyucan/flink-easy-function,CVE-2020-17518
sekruse/sindy,CVE-2020-1960
braineering/socstream,CVE-2020-1960
sev7e0/wow-flink,CVE-2020-1960
sev7e0/wow-flink,CVE-2020-17518
ibywind/flink-demo,CVE-2020-1960
ibywind/flink-demo,CVE-2020-17518
nevermined-io/flink-example,CVE-2020-17518
nevermined-io/flink-example,CVE-2020-17519
SparkWorksnet/demoFlink,CVE-2020-1960
a49a/flink-training,CVE-2020-17518
chenqin/flink-jar,CVE-2020-1960
ouyi/kafka-flink-demo,CVE-2020-1960
ouyi/kafka-flink-demo,CVE-2020-17518
PierreZ/ovh-alerts-flink-demo,CVE-2020-1960
PierreZ/ovh-alerts-flink-demo,CVE-2020-17518
asdaraujo/flink-kafka-replicator,CVE-2020-17518
mr-cloud/flink-training-exercises,CVE-2020-1960
mr-cloud/flink-training-exercises,CVE-2020-17518
thomasjbake/flink-csv-to-jdbc-demo,CVE-2020-1960
thomasjbake/flink-csv-to-jdbc-demo,CVE-2020-17518
maphysics/flinkLecture,CVE-2020-1960
wqkenqing/flinkDemo,CVE-2020-1960
wqkenqing/flinkDemo,CVE-2020-17518
Tips-Lee/FlinkTutorial,CVE-2020-17518
ItdeerWork/FlinkProject,CVE-2020-1960
ItdeerWork/FlinkProject,CVE-2020-17518
dongci777/FlinkCode,CVE-2020-17518
WangJxAh/FlinkIot,CVE-2020-1960
WangJxAh/FlinkIot,CVE-2020-17518
lei-su-awx/FlinkExample,CVE-2020-17518
lei-su-awx/FlinkExample,CVE-2020-17519
Hao973/FlinkNotes,CVE-2020-1960
Hao973/FlinkNotes,CVE-2020-17518
Kingdom111111/flink,CVE-2020-1960
Kingdom111111/flink,CVE-2020-17518
BochengZeng/flink,CVE-2020-1960
BochengZeng/flink,CVE-2020-17518
philterd/philter-streaming,CVE-2020-1960
philterd/philter-streaming,CVE-2020-17518
xuite627/workshop_flink1015-1,CVE-2020-1960
lisongyan123/flink,CVE-2020-1960
lisongyan123/flink,CVE-2020-17518
j-mkim/FlinkRPiDrone,CVE-2020-1960
j-mkim/FlinkRPiDrone,CVE-2020-17518
TakeMeWhy/flink,CVE-2020-1960
TakeMeWhy/flink,CVE-2020-17518
Antti-Kaikkonen/FlinkBlockchainSource,CVE-2020-1960
Antti-Kaikkonen/FlinkBlockchainSource,CVE-2020-17518
MHuiG/FlinkWordCountJava,CVE-2020-1960
MHuiG/FlinkWordCountJava,CVE-2020-17518
Lguangping/flinkConnectDemo,CVE-2020-1960
Lguangping/flinkConnectDemo,CVE-2020-17518
MGloder/FlinkCassandraRandomSpike,CVE-2020-1960
MGloder/FlinkCassandraRandomSpike,CVE-2020-17518
EventadorTemplates/FlinkReadWriteKafka,CVE-2020-17518
jtadrosEventador/Flink10ReadWriteTest,CVE-2020-17518
spolex/flink-training,CVE-2020-1960
yiifaa/mirana-flink,CVE-2020-1960
janson11/flink-demo,CVE-2020-1960
janson11/flink-demo,CVE-2020-17518
lhfei/flink-examples,CVE-2020-1960
lhfei/flink-examples,CVE-2020-17518
wufeiyueGit/flink-learning,CVE-2020-1960
wufeiyueGit/flink-learning,CVE-2020-17518
0xqq/flink-examples-1,CVE-2020-1960
0xqq/flink-examples-1,CVE-2020-17518
brainhzhao/flinkdemo,CVE-2020-1960
brainhzhao/flinkdemo,CVE-2020-17518
LiveOnesDream/flink-learning,CVE-2020-1960
LiveOnesDream/flink-learning,CVE-2020-17518
CodeGarden2009/flink-learning,CVE-2020-1960
CodeGarden2009/flink-learning,CVE-2020-17518
gupta-himanshu/flinkathon,CVE-2020-1960
NestorCao/flinkx,CVE-2020-1960
NestorCao/flinkx,CVE-2020-17518
Nicky-Ning/flinkx,CVE-2020-1960
Nicky-Ning/flinkx,CVE-2020-17518
ehabqadah/in-situ-processing-datAcron,CVE-2020-1960
bi-geek/flink-connector-bitcoin,CVE-2020-1960
homepy/whale-flink,CVE-2020-1960
homepy/whale-flink,CVE-2020-17518
iicanf/flink-demo,CVE-2020-1960
xspurs/flink-practice,CVE-2020-1960
sisgandarli/sample-flink-project,CVE-2020-1960
sisgandarli/sample-flink-project,CVE-2020-17518
AjaxXu/flink-learning-project,CVE-2020-1960
AjaxXu/flink-learning-project,CVE-2020-17518
zheng-zy/flink-demo,CVE-2020-1960
zheng-zy/flink-demo,CVE-2020-17518
galgus/flink-connector-rabbitmq,CVE-2020-1960
galgus/flink-connector-rabbitmq,CVE-2020-17518
a49a/slink,CVE-2020-17518
a49a/slink,CVE-2020-17519
suxil/flink-example,CVE-2020-1960
suxil/flink-example,CVE-2020-17518
willem520/flink-learning,CVE-2020-1960
willem520/flink-learning,CVE-2020-17518
nanxiuzi/myflink,CVE-2020-1960
nanxiuzi/myflink,CVE-2020-17518
dnxbjyj/flink-learn,CVE-2020-1960
dnxbjyj/flink-learn,CVE-2020-17518
kubesure/multistreamjoin,CVE-2020-1960
kubesure/multistreamjoin,CVE-2020-17518
chasingadreams/flink_x,CVE-2020-1960
chasingadreams/flink_x,CVE-2020-17518
bi-geek/flink-connector-ethereum,CVE-2020-1960
ansi-code/jasmine-stream-flink,CVE-2020-1960
ansi-code/jasmine-stream-flink,CVE-2020-17518
HarshadRanganathan/flink-examples,CVE-2020-1960
HarshadRanganathan/flink-examples,CVE-2020-17518
yunzhongniao/flink-demo,CVE-2020-1960
yunzhongniao/flink-demo,CVE-2020-17518
BitterGourd/flink-examples,CVE-2020-17518
BitterGourd/flink-examples,CVE-2020-17519
Eliav2qhsuh/arjunsk,CVE-2020-1960
Eliav2qhsuh/arjunsk,CVE-2020-17518
manuelscurti/vehicle_telematics,CVE-2020-1960
SigalHu/flink-exercise,CVE-2020-1960
SigalHu/flink-exercise,CVE-2020-17518
jjbuchan/try-flink,CVE-2020-17518
jjbuchan/try-flink,CVE-2020-17519
Stevenchooo/Flink-test,CVE-2020-1960
Stevenchooo/Flink-test,CVE-2020-17518
ScaleUnlimited/flink-utils,CVE-2020-1960
ScaleUnlimited/flink-utils,CVE-2020-17518
narioinc/Flink-Demos,CVE-2020-1960
narioinc/Flink-Demos,CVE-2020-17518
Supertra/flink-learning,CVE-2020-1960
Supertra/flink-learning,CVE-2020-17518
gnehcgnaw/flink-learning,CVE-2020-17518
gnehcgnaw/flink-learning,CVE-2020-17519
livebycode/hello-flink,CVE-2020-1960
livebycode/hello-flink,CVE-2020-17518
levid-gc/flink-learning,CVE-2020-1960
levid-gc/flink-learning,CVE-2020-17518
h4nek/flink-rc,CVE-2020-1960
h4nek/flink-rc,CVE-2020-17518
iuiuu/learning-flink,CVE-2020-17518
iuiuu/learning-flink,CVE-2020-17519
zcm133625/flinkx-all,CVE-2020-17518
yindahuisme/flink_learn,CVE-2020-1960
yindahuisme/flink_learn,CVE-2020-17518
smwiss326/flink-kafka,CVE-2020-1960
smwiss326/flink-kafka,CVE-2020-17518
streamr-dev/streamr-flink,CVE-2020-1960
streamr-dev/streamr-flink,CVE-2020-17518
Wang1995/flink-demo,CVE-2020-17518
Wang1995/flink-demo,CVE-2020-17519
hyy4008zx/flink-tutorials,CVE-2020-1960
hyy4008zx/flink-tutorials,CVE-2020-17518
yuanyangwu/flink-training,CVE-2020-1960
yuanyangwu/flink-training,CVE-2020-17518
MBtech/gpa-flink,CVE-2020-1960
MBtech/gpa-flink,CVE-2020-17518
viptianhong/flink-app,CVE-2020-1960
viptianhong/flink-app,CVE-2020-17518
SudarsanSridharan16/flink-sandpit,CVE-2020-1960
cliffcw/flink-learn,CVE-2020-1960
cliffcw/flink-learn,CVE-2020-17518
krisjin/flink-train,CVE-2020-1960
krisjin/flink-train,CVE-2020-17518
JDoIt/flink-examples,CVE-2020-1960
JDoIt/flink-examples,CVE-2020-17518
angeligareta/flink-overview,CVE-2020-1960
angeligareta/flink-overview,CVE-2020-17518
gan785160627/flinkx-all,CVE-2020-1960
gan785160627/flinkx-all,CVE-2020-17518
baba-shinde/flink-examples,CVE-2020-1960
baba-shinde/flink-examples,CVE-2020-17518
edwardep/flink-training,CVE-2020-1960
edwardep/flink-training,CVE-2020-17518
wxb9027/flink-learning,CVE-2020-1960
wxb9027/flink-learning,CVE-2020-17518
WilliamSong112/flink-learning,CVE-2020-1960
WilliamSong112/flink-learning,CVE-2020-17518
janhaa/flink-starter,CVE-2020-1960
janhaa/flink-starter,CVE-2020-17518
HongminL/KafkaFlink,CVE-2020-1960
HongminL/KafkaFlink,CVE-2020-17518
DongJigong/flink-demo,CVE-2020-1960
DongJigong/flink-demo,CVE-2020-17518
shriyog/flink-starter,CVE-2020-1960
ThalesGSN/kt-flink,CVE-2020-1960
CarlosSanabriaM/flink-basics,CVE-2020-17518
CarlosSanabriaM/flink-basics,CVE-2020-17519
d-smith/sqs-flink,CVE-2020-17518
d-smith/sqs-flink,CVE-2020-17519
ekzeb/flink-siddhi,CVE-2020-1960
ekzeb/flink-siddhi,CVE-2020-17518
uce/flink-cooccurrence,CVE-2020-1960
smile-sam/flink-learning,CVE-2020-17518
smile-sam/flink-learning,CVE-2020-17519
bounce5733/flink-demo,CVE-2020-17518
bounce5733/flink-demo,CVE-2020-17519
benhe119/flink-cep,CVE-2020-1960
benhe119/flink-cep,CVE-2020-17518
phil3k3/flink-tutorial,CVE-2020-1960
shreyas-dev/flink-course,CVE-2020-1960
shreyas-dev/flink-course,CVE-2020-17518
muharandy/flink-tutorial,CVE-2020-1960
muharandy/flink-tutorial,CVE-2020-17518
xbj137661413/flink-test,CVE-2020-1960
xbj137661413/flink-test,CVE-2020-17518
okkam-it/flink-descriptive-stats,CVE-2020-1960
okkam-it/flink-descriptive-stats,CVE-2020-17518
eleniKougiou/Flink-cep-examples,CVE-2020-1960
eleniKougiou/Flink-cep-examples,CVE-2020-17518
couchbaselabs/flink-connector-couchbase,CVE-2020-17518
shuiliuxing/XiaoFlinkWeb,CVE-2020-1960
LAsbun/flink-learning-in-action,CVE-2020-1960
LAsbun/flink-learning-in-action,CVE-2020-17518
bpark/flink-ignite-demo,CVE-2020-1960
ahuazhu/FJoin,CVE-2020-1960
shreyas-dev/flink-twitter-analysis,CVE-2020-1960
shreyas-dev/flink-twitter-analysis,CVE-2020-17518
cjcjiang/comp5349_flink,CVE-2020-1960
lucaspemartins/kafka-flink-gear-change,CVE-2020-1960
vraja2/flink-wiki-analysis,CVE-2020-1960
vraja2/flink-wiki-analysis,CVE-2020-17518
spafka/flink-spark-internal,CVE-2020-1960
spafka/flink-spark-internal,CVE-2020-17518
yongge1028/flink-sql-benchmark,CVE-2020-1960
yongge1028/flink-sql-benchmark,CVE-2020-17518
LeonAtSH/kafka-flink-101,CVE-2020-1960
bestzhuyuan/flink-streaming-platform-web,CVE-2020-1960
carolynduby/flink-phoenix-sample,CVE-2020-1960
nisith11/flink-json-dynamo,CVE-2020-17518
nisith11/flink-json-dynamo,CVE-2020-17519
ChenShuai1981/flink-sql-submit,CVE-2020-1960
ChenShuai1981/flink-sql-submit,CVE-2020-17518
juanpalopez/flink-aws-iot-source,CVE-2020-1960
juanpalopez/flink-aws-iot-source,CVE-2020-17518
Danier-Evens/flink-code-demo,CVE-2020-1960
Danier-Evens/flink-code-demo,CVE-2020-17518
ccclyt/flink-training-exercises,CVE-2020-1960
Yitian-Zhang/flink-training-exercises,CVE-2020-1960
Yitian-Zhang/flink-training-exercises,CVE-2020-17518
ChangShuai1013/flink-multi-task,CVE-2020-1960
ChangShuai1013/flink-multi-task,CVE-2020-17518
kartykr/flink-kinesis-analytics,CVE-2020-1960
kartykr/flink-kinesis-analytics,CVE-2020-17518
SMART2016/flink-siddhi-with-checkpointing,CVE-2020-1960
SMART2016/flink-siddhi-with-checkpointing,CVE-2020-17518
leilinen/flink-ka2ck,CVE-2020-1960
leilinen/flink-ka2ck,CVE-2020-17518
juanrh/flink-state-eviction,CVE-2020-1960
1144075799/KafkaToFlink,CVE-2020-1960
1144075799/KafkaToFlink,CVE-2020-17518
trenchbl/flink-scala-testing,CVE-2020-1960
trenchbl/flink-scala-testing,CVE-2020-17518
sivakarthikt/flink-training-exercises,CVE-2020-1960
sivakarthikt/flink-training-exercises,CVE-2020-17518
woophee/flink-best-practices,CVE-2020-1960
woophee/flink-best-practices,CVE-2020-17518
ptfrwrd/Apache-Flink-Lab-3,CVE-2020-1960
ptfrwrd/Apache-Flink-Lab-3,CVE-2020-17518
asdaraujo/flink-lag-monitor,CVE-2020-1960
ADLINK-IST/flink-connector-dds,CVE-2020-1960
HungUnicorn/flink-kafka-example,CVE-2020-1960
EveryTian/flink-training-exercises,CVE-2020-1960
EveryTian/flink-training-exercises,CVE-2020-17518
mattczyz/flink-dynamodb-fs,CVE-2020-1960
mattczyz/flink-dynamodb-fs,CVE-2020-17518
kyle-lt/kafka-spark-flink-example,CVE-2020-1960
cqdxwjd/flink-in-action,CVE-2020-17518
cqdxwjd/flink-in-action,CVE-2020-17519
0xNacho/kudu-flink-examples,CVE-2020-1960
happy7023/flink-connector-kudu,CVE-2020-1960
patrickneubauer/kafka-flink-kubernetes-example,CVE-2020-1960
leiqu/flink-cdc-connectors,CVE-2020-17518
leiqu/flink-cdc-connectors,CVE-2020-17519
lwyh/-flink-training-exercises,CVE-2020-1960
lwyh/-flink-training-exercises,CVE-2020-17518
narioinc/Flink-CEP-Demo-2,CVE-2020-1960
narioinc/Flink-CEP-Demo-2,CVE-2020-17518
18434365386/flink-platform-web,CVE-2020-1960
jkozlowicz/flink-training-exercises,CVE-2020-1960
jkozlowicz/flink-training-exercises,CVE-2020-17518
shriyog/flink-connector-amps,CVE-2020-1960
shriyog/flink-connector-amps,CVE-2020-17518
matteobucci/flink-sciff-launcher,CVE-2020-1960
amarjitdhillon/BasicFlinkPattern,CVE-2020-1960
jjaesang/flink-training-exercises,CVE-2020-1960
jjaesang/flink-training-exercises,CVE-2020-17518
Maerodrim/flink-training-exercises-master,CVE-2020-1960
Maerodrim/flink-training-exercises-master,CVE-2020-17518
lwyh/-flink-jdbc-driver,CVE-2020-1960
lwyh/-flink-jdbc-driver,CVE-2020-17518
nielsbasjes/Reproduce-FLINK-5025,CVE-2020-1960
antonrud/flink-frequent-patterns,CVE-2020-1960
antonrud/flink-frequent-patterns,CVE-2020-17518
wangrollin/apache-flink-datastream-api,CVE-2020-1960
wangrollin/apache-flink-datastream-api,CVE-2020-17518
hameizi/flink-jdbc-driver,CVE-2020-1960
hameizi/flink-jdbc-driver,CVE-2020-17518
Zentopia/learn-flink-java,CVE-2020-17518
Zentopia/learn-flink-java,CVE-2020-17519
