apache/flink,2.10.2,"2023-03-20 03:35:45",git://github.com/apache/flink.git
zhisheng17/flink-learning,1.14.4,"2023-02-28 12:34:27",git://github.com/zhisheng17/flink-learning.git
DTStack/flinkStreamSQL,1.10.1,"2022-11-23 22:27:27",git://github.com/DTStack/flinkStreamSQL.git
ververica/flink-cdc-connectors,1.16.0,"2023-03-20 03:06:38",git://github.com/ververica/flink-cdc-connectors.git
zhp8341/flink-streaming-platform-web,1.5.0,"2022-12-04 09:05:03",git://github.com/zhp8341/flink-streaming-platform-web.git
ambition119/FlinkSQL,1.10.0,"2022-09-16 23:58:42",git://github.com/ambition119/FlinkSQL.git
apache/bahir-flink,1.14.6,"2023-03-16 11:24:28",git://github.com/apache/bahir-flink.git
apache/flink-kubernetes-operator,1.16.1,"2023-03-17 18:16:45",git://github.com/apache/flink-kubernetes-operator.git
ververica/flink-training-exercises,1.10.0,"2021-11-26 09:12:27",git://github.com/ververica/flink-training-exercises.git
apache/flink-statefun,1.15.2,"2023-03-09 08:53:26",git://github.com/apache/flink-statefun.git
flink-extended/dl-on-flink,1.14.0,"2022-11-02 07:44:09",git://github.com/flink-extended/dl-on-flink.git
ivi-ru/flink-clickhouse-sink,1.9.0,"2022-11-01 13:05:37",git://github.com/ivi-ru/flink-clickhouse-sink.git
Qihoo360/Quicksql,2.7.5,"2022-10-25 23:52:06",git://github.com/Qihoo360/Quicksql.git
wuchong/flink-sql-submit,1.9.0,"2019-09-02 15:51:22",git://github.com/wuchong/flink-sql-submit.git
streamnative/pulsar-flink,1.13.3,"2022-11-10 14:29:48",git://github.com/streamnative/pulsar-flink.git
DTStack/chunjun,1.16.1,"2023-03-18 16:09:58",git://github.com/DTStack/chunjun.git
haoch/flink-siddhi,1.9.0,"2020-05-07 09:33:40",git://github.com/haoch/flink-siddhi.git
streaming-with-flink/examples-java,1.7.1,"2022-02-17 07:39:30",git://github.com/streaming-with-flink/examples-java.git
itinycheng/flink-connector-clickhouse,1.16.0,"2023-03-19 11:06:45",git://github.com/itinycheng/flink-connector-clickhouse.git
cloudera/flink-tutorials,1.15.1,"2023-03-02 12:14:07",git://github.com/cloudera/flink-tutorials.git
ottogroup/flink-spector,1.8.0,"2019-04-28 19:55:55",git://github.com/ottogroup/flink-spector.git
apache/rocketmq-flink,1.15.0,"2023-03-09 12:20:37",git://github.com/apache/rocketmq-flink.git
pravega/flink-connectors,1.16.0,"2023-02-15 03:39:09",git://github.com/pravega/flink-connectors.git
knaufk/flink-faker,1.16.1,"2023-03-17 21:59:31",git://github.com/knaufk/flink-faker.git
dbs-leipzig/gradoop,1.9.3,"2023-03-19 23:35:24",git://github.com/dbs-leipzig/gradoop.git
ververica/flink-jdbc-driver,1.10.0,"2022-10-20 02:16:48",git://github.com/ververica/flink-jdbc-driver.git
StarRocks/starrocks-connector-for-apache-flink,1.15.0,"2023-03-16 11:58:31",git://github.com/StarRocks/starrocks-connector-for-apache-flink.git
jeff-zou/flink-connector-redis,1.14.4,"2023-03-17 08:45:33",git://github.com/jeff-zou/flink-connector-redis.git
Flink-zhisheng/flink-learning,1.9.0,"2022-06-21 01:51:27",git://github.com/Flink-zhisheng/flink-learning.git
apache/flink-connector-jdbc,1.16.1,"2023-03-17 08:52:33",git://github.com/apache/flink-connector-jdbc.git
dataArtisans/flink-dataflow,1.0.0,"2016-07-07 08:47:51",git://github.com/dataArtisans/flink-dataflow.git
alibaba/alibaba-flink-connectors,1.10.0,"2023-03-06 16:08:24",git://github.com/alibaba/alibaba-flink-connectors.git
tgrall/kafka-flink-101,1.1.2,"2016-10-12 08:23:28",git://github.com/tgrall/kafka-flink-101.git
springMoon/sqlSubmit,1.16.0,"2023-02-14 07:27:34",git://github.com/springMoon/sqlSubmit.git
jyj019/flinkDemo,1.5.0,"2018-10-27 05:17:13",git://github.com/jyj019/flinkDemo.git
apache/flink-connector-elasticsearch,1.16.0,"2023-02-08 15:21:07",git://github.com/apache/flink-connector-elasticsearch.git
btleedev/Flink-Streaming-Spring-Boot,1.9.1,"2020-02-17 21:02:08",git://github.com/btleedev/Flink-Streaming-Spring-Boot.git
QuakeWang/FlinkTutorial,1.10.1,"2022-12-16 10:11:09",git://github.com/QuakeWang/FlinkTutorial.git
MyLanPangzi/flink-demo,1.14.0,"2022-08-31 08:57:11",git://github.com/MyLanPangzi/flink-demo.git
quan2005/flink-connector-debezium,1.10.0,"2020-12-30 06:37:43",git://github.com/quan2005/flink-connector-debezium.git
aliyun/aliyun-log-flink-connector,1.13.0,"2023-02-14 08:37:20",git://github.com/aliyun/aliyun-log-flink-connector.git
mongo-flink/mongo-flink,1.15.1,"2023-01-17 05:23:01",git://github.com/mongo-flink/mongo-flink.git
apache/flink-connector-aws,1.16.0,"2023-03-18 10:34:51",git://github.com/apache/flink-connector-aws.git
tillrohrmann/cep-monitoring,1.6.1,"2018-10-28 11:18:46",git://github.com/tillrohrmann/cep-monitoring.git
qlangtech/tis,1.13.1,"2023-03-15 02:23:16",git://github.com/qlangtech/tis.git
ScaleUnlimited/flink-crawler,1.7.2,"2019-04-08 01:01:51",git://github.com/ScaleUnlimited/flink-crawler.git
getindata/flink-http-connector,1.15.0,"2023-03-17 11:49:40",git://github.com/getindata/flink-http-connector.git
vasia/gelly-streaming,1.8.0,"2020-10-13 02:12:43",git://github.com/vasia/gelly-streaming.git
dataArtisans/cascading-flink,1.0.3,"2020-10-13 09:44:11",git://github.com/dataArtisans/cascading-flink.git
flowerfine/flinkful,1.16.1,"2023-02-09 02:25:56",git://github.com/flowerfine/flinkful.git
GourdErwa/flink-advanced,1.16.1,"2023-03-07 09:25:24",git://github.com/GourdErwa/flink-advanced.git
aistairc/SpatialFlink,1.9.1,"2022-12-23 12:26:48",git://github.com/aistairc/SpatialFlink.git
wangyang0918/flink-native-k8s-operator,1.14.2,"2022-07-15 05:17:57",git://github.com/wangyang0918/flink-native-k8s-operator.git
spancer/flink-iceberg-demo,1.11.3,"2021-04-06 08:07:45",git://github.com/spancer/flink-iceberg-demo.git
davidcampos/kafka-spark-flink-example,1.4.2,"2018-11-01 14:26:47",git://github.com/davidcampos/kafka-spark-flink-example.git
phil3k3/flink-cep-dsl,1.6.0,"2018-09-27 12:21:06",git://github.com/phil3k3/flink-cep-dsl.git
gsahbi/flinkicu,1.0.2,"2016-05-14 06:25:36",git://github.com/gsahbi/flinkicu.git
code-dm/mriya,1.9.0,"2022-09-08 01:10:07",git://github.com/code-dm/mriya.git
jgrier/FilteringExample,1.0.3,"2016-06-23 21:13:19",git://github.com/jgrier/FilteringExample.git
dongbin86/flink-clickhouse-sink,1.8.0,"2020-12-28 09:05:04",git://github.com/dongbin86/flink-clickhouse-sink.git
binglind/alchemy,1.8.0,"2022-12-16 04:52:56",git://github.com/binglind/alchemy.git
klarna-incubator/flink-connector-dynamodb,1.11.3,"2022-09-27 15:25:57",git://github.com/klarna-incubator/flink-connector-dynamodb.git
uber-archive/AthenaX,1.5.0,"2020-06-21 16:02:38",git://github.com/uber-archive/AthenaX.git
zengxiaosen/flinkMultiStreamOptimization,1.5.0,"2019-04-08 05:15:19",git://github.com/zengxiaosen/flinkMultiStreamOptimization.git
shengjk/flinksql-platform,1.12.0,"2021-03-22 11:34:09",git://github.com/shengjk/flinksql-platform.git
Chengyanan1008/flink-sql-submit-client,1.11.0,"2021-10-19 04:36:00",git://github.com/Chengyanan1008/flink-sql-submit-client.git
WeiWan5675/FlinkSupport,1.11.1,"2020-12-14 03:08:43",git://github.com/WeiWan5675/FlinkSupport.git
awslabs/amazon-kinesis-connector-flink,1.11.2,"2022-10-31 14:06:21",git://github.com/awslabs/amazon-kinesis-connector-flink.git
0x0ece/beam-starter,1.0.3,"2016-10-28 01:05:44",git://github.com/0x0ece/beam-starter.git
bytedance/bitsail,1.11.6,"2023-03-20 03:49:14",git://github.com/bytedance/bitsail.git
aws/aws-kinesisanalytics-flink-connectors,1.8.3,"2023-02-20 11:20:01",git://github.com/aws/aws-kinesisanalytics-flink-connectors.git
a0x8o/flink,2.10.2,"2023-03-16 21:38:25",git://github.com/a0x8o/flink.git
HamaWhiteGG/flink-sql-security,1.16.0,"2022-12-17 16:02:56",git://github.com/HamaWhiteGG/flink-sql-security.git
ajiniesta/flink-connector-mqtt,1.3.2,"2020-10-13 00:56:29",git://github.com/ajiniesta/flink-connector-mqtt.git
apache/flink-connector-hbase,1.16.0,"2023-02-08 15:56:13",git://github.com/apache/flink-connector-hbase.git
alpinegizmo/flink-mobile-data-usage,1.14.3,"2022-03-25 10:37:12",git://github.com/alpinegizmo/flink-mobile-data-usage.git
WeiWan5675/Flink-DSP,1.14.0,"2022-10-09 11:13:46",git://github.com/WeiWan5675/Flink-DSP.git
galgus/flink-connector-http,1.9.0,"2021-04-19 16:32:00",git://github.com/galgus/flink-connector-http.git
gaogf/flink-on-hands,1.6.2,"2019-04-29 06:58:18",git://github.com/gaogf/flink-on-hands.git
flinkx/flinkx,1.11.2,"2022-11-16 09:25:08",git://github.com/flinkx/flinkx.git
flink-ci/flink-mirror,2.10.2,"2023-03-19 23:10:06",git://github.com/flink-ci/flink-mirror.git
preetdeepkumar/flink-connector-tutorials,1.10.0,"2022-11-16 00:41:15",git://github.com/preetdeepkumar/flink-connector-tutorials.git
apache/flink-connector-rabbitmq,1.16.0,"2023-02-08 15:52:15",git://github.com/apache/flink-connector-rabbitmq.git
duhanmin/rocketmq-flink,1.6.3,"2022-06-24 08:18:38",git://github.com/duhanmin/rocketmq-flink.git
bingoguo93/flink-1.12-sql-demo,1.12.1,"2021-05-27 22:55:32",git://github.com/bingoguo93/flink-1.12-sql-demo.git
apache/flink-connector-opensearch,1.16.1,"2023-03-04 15:56:20",git://github.com/apache/flink-connector-opensearch.git
streamnative/flink-example,1.16.0,"2022-12-06 01:55:27",git://github.com/streamnative/flink-example.git
apache/flink-connector-mongodb,1.16.0,"2023-03-16 09:31:56",git://github.com/apache/flink-connector-mongodb.git
antonrud/flink-kafka-influx-grafana-framework,1.5.0,"2018-07-16 21:46:00",git://github.com/antonrud/flink-kafka-influx-grafana-framework.git
nielsbasjes/logparser,1.14.4,"2023-03-19 08:50:54",git://github.com/nielsbasjes/logparser.git
ravthiru/flink-cep-examples,1.0.3,"2016-07-22 14:17:42",git://github.com/ravthiru/flink-cep-examples.git
tencentyun/flink-cos-fs,1.10.0,"2023-02-06 03:28:23",git://github.com/tencentyun/flink-cos-fs.git
geekyouth/flink-pi,1.10.0,"2022-09-01 23:21:16",git://github.com/geekyouth/flink-pi.git
phil3k3/flink-esper,1.3.2,"2019-03-29 08:36:28",git://github.com/phil3k3/flink-esper.git
tencentyun/flink-hello-world,1.14.0,"2022-10-19 04:00:04",git://github.com/tencentyun/flink-hello-world.git
DataseekCN/flink_automobile_monitor,1.4.2,"2022-07-01 21:25:54",git://github.com/DataseekCN/flink_automobile_monitor.git
ispong/flink-acorn,1.14.0,"2023-02-17 07:48:56",git://github.com/ispong/flink-acorn.git
albertodelazzari/flink-neo4j,1.1.3,"2017-01-27 19:33:40",git://github.com/albertodelazzari/flink-neo4j.git
ottogroup/flink-operator-library,1.0.3,"2017-05-15 13:26:16",git://github.com/ottogroup/flink-operator-library.git
datafibers-community/df_data_service,1.3.2,"2022-02-11 00:44:11",git://github.com/datafibers-community/df_data_service.git
zhang0chao0/FlinkStreaming,1.12.0,"2021-08-07 14:07:48",git://github.com/zhang0chao0/FlinkStreaming.git
preetdeepkumar/flink-tutorials,1.9.0,"2021-06-23 09:34:25",git://github.com/preetdeepkumar/flink-tutorials.git
arjunsk-archive/flink-kinesis-data-analytics-sample,1.8.2,"2021-03-22 08:51:41",git://github.com/arjunsk-archive/flink-kinesis-data-analytics-sample.git
yang69/flink-connector-redis_2.11,1.4.2,"2018-12-27 10:41:36",git://github.com/yang69/flink-connector-redis_2.11.git
glink-incubator/glink,1.13.3,"2022-06-22 04:02:04",git://github.com/glink-incubator/glink.git
xu20160924/FlinkPlus,1.11.1,"2020-12-03 10:44:25",git://github.com/xu20160924/FlinkPlus.git
sics-dna/isc4flink,1.0.0,"2016-12-14 16:50:42",git://github.com/sics-dna/isc4flink.git
s1ck/ldbc-flink-import,1.3.1,"2022-04-12 22:00:18",git://github.com/s1ck/ldbc-flink-import.git
uk0/rocketmq-flink-plugin,1.3.0,"2017-11-30 06:56:15",git://github.com/uk0/rocketmq-flink-plugin.git
pkhanal/flink-watson-iot-connector,1.2.1,"2022-05-20 20:52:42",git://github.com/pkhanal/flink-watson-iot-connector.git
spafka/flink_in_action,1.9.0,"2022-06-21 00:52:53",git://github.com/spafka/flink_in_action.git
zjffdu/flink-udf,1.10.0,"2021-03-12 15:33:09",git://github.com/zjffdu/flink-udf.git
michalklempa/flink-state-metadata,1.9.0,"2022-02-22 07:06:07",git://github.com/michalklempa/flink-state-metadata.git
apache/flink-connector-gcp-pubsub,1.16.0,"2023-03-13 16:22:30",git://github.com/apache/flink-connector-gcp-pubsub.git
wikimedia/citolytics,1.3.1,"2017-11-18 18:17:16",git://github.com/wikimedia/citolytics.git
flink-taiwan/jcconf2016-workshop,1.1.2,"2016-10-15 06:02:35",git://github.com/flink-taiwan/jcconf2016-workshop.git
wooplevip/flink-tutorials,1.10.0,"2022-12-14 20:43:22",git://github.com/wooplevip/flink-tutorials.git
fabricalab/streaming-flink-file-source,1.8.0,"2020-08-03 07:38:44",git://github.com/fabricalab/streaming-flink-file-source.git
huaweicloud/flink-dis-plugin,1.12.2,"2022-07-08 08:39:23",git://github.com/huaweicloud/flink-dis-plugin.git
sscdotopen/flink-hands-on,0.8.1,"2015-06-22 16:23:02",git://github.com/sscdotopen/flink-hands-on.git
dahai1996/flink-quickstart,1.13.6,"2022-11-03 09:19:53",git://github.com/dahai1996/flink-quickstart.git
GatsbyNewton/learning-flink,1.9.0,"2022-06-21 04:13:13",git://github.com/GatsbyNewton/learning-flink.git
googleapis/java-pubsublite-flink,1.15.0,"2023-03-17 21:10:24",git://github.com/googleapis/java-pubsublite-flink.git
comptech-winter-school/sql-for-apache-flink,1.12.1,"2021-02-06 21:12:45",git://github.com/comptech-winter-school/sql-for-apache-flink.git
gyfora/flink-solr-log-indexer,1.9.1,"2022-11-15 23:54:45",git://github.com/gyfora/flink-solr-log-indexer.git
cking0821/mumu-flink,1.4.1,"2018-03-02 07:51:39",git://github.com/cking0821/mumu-flink.git
XBaith/ams-recommendation-system,1.10.0,"2022-11-04 02:28:44",git://github.com/XBaith/ams-recommendation-system.git
zylklab/flink_cep_examples,1.9.1,"2020-10-13 18:41:19",git://github.com/zylklab/flink_cep_examples.git
zhangjinye158/dt-center-flinkStreamSQL,1.9.1,"2019-12-27 09:23:27",git://github.com/zhangjinye158/dt-center-flinkStreamSQL.git
kylemeow/flink-snapshot-analyzer,1.11.0,"2021-06-02 12:31:25",git://github.com/kylemeow/flink-snapshot-analyzer.git
fabricalab/streaming-flink-dynamodb-connector,1.8.0,"2021-04-22 06:29:26",git://github.com/fabricalab/streaming-flink-dynamodb-connector.git
a49a/bigdata-sql-benchmark,1.14.4,"2023-02-20 08:36:56",git://github.com/a49a/bigdata-sql-benchmark.git
11JJChina/flink-learning,1.8.0,"2022-06-21 01:29:51",git://github.com/11JJChina/flink-learning.git
amient/hello-streams,1.6.0,"2018-08-28 12:30:17",git://github.com/amient/hello-streams.git
ShangBaiShuYao/flink-learning-from-zhisheng,1.10.0,"2022-02-16 16:12:14",git://github.com/ShangBaiShuYao/flink-learning-from-zhisheng.git
redpanda-data/flink-kafka-examples,1.14.0,"2022-10-05 18:59:30",git://github.com/redpanda-data/flink-kafka-examples.git
wxwmd/flink-note,1.15.0,"2023-03-05 09:55:39",git://github.com/wxwmd/flink-note.git
Denovo1998/denovo-realtime-data-warehouses,1.13.5,"2022-02-08 14:31:31",git://github.com/Denovo1998/denovo-realtime-data-warehouses.git
liwei199411/Flink-accessmonitor,1.9.0,"2020-09-24 11:28:46",git://github.com/liwei199411/Flink-accessmonitor.git
NextMark/datashops,1.13.1,"2022-05-21 08:16:07",git://github.com/NextMark/datashops.git
ycd2003/flinkx-all,1.8.1,"2020-04-23 20:41:23",git://github.com/ycd2003/flinkx-all.git
aws-samples/amazon-kinesis-analytics-taxi-consumer,1.15.2,"2022-10-28 12:08:43",git://github.com/aws-samples/amazon-kinesis-analytics-taxi-consumer.git
frett27/osm-flink-tools,1.3.1,"2020-03-09 10:26:17",git://github.com/frett27/osm-flink-tools.git
fediazgon/flink-vehicle-telematics,1.8.0,"2019-07-28 14:22:59",git://github.com/fediazgon/flink-vehicle-telematics.git
tree1123/flink_demo_1.9,1.9.0,"2019-09-20 03:43:24",git://github.com/tree1123/flink_demo_1.9.git
xuyuhanGithub/UserBehavior,1.7.2,"2019-10-03 13:34:27",git://github.com/xuyuhanGithub/UserBehavior.git
aaitor/flink-charts,1.3.2,"2017-09-19 22:17:27",git://github.com/aaitor/flink-charts.git
apache/flink-connector-cassandra,1.16.0,"2023-03-17 15:54:34",git://github.com/apache/flink-connector-cassandra.git
peigenxiao/flink-training-exercises,1.10.0,"2020-09-03 13:21:26",git://github.com/peigenxiao/flink-training-exercises.git
davidrabinowitz/flink-bigquery-connector,1.11.0,"2022-06-27 15:45:23",git://github.com/davidrabinowitz/flink-bigquery-connector.git
mapr-demos/mapr-streams-flink-demo,1.3.1,"2017-06-29 15:47:47",git://github.com/mapr-demos/mapr-streams-flink-demo.git
fhueske/flink-training-exercises,1.1.2,"2017-09-04 08:39:27",git://github.com/fhueske/flink-training-exercises.git
cyq89051127/flink-redis-sink,1.10.0,"2022-11-16 09:24:22",git://github.com/cyq89051127/flink-redis-sink.git
getindata/flink-influxdb-reporter,1.4.2,"2018-09-14 08:58:11",git://github.com/getindata/flink-influxdb-reporter.git
dataArtisans/timeout-monitoring,1.0.0,"2016-03-02 16:03:24",git://github.com/dataArtisans/timeout-monitoring.git
nielsbasjes/yauaa,1.16.1,"2023-03-19 11:06:09",git://github.com/nielsbasjes/yauaa.git
delftdata/flink-statefun-transactions,1.11.1,"2022-12-15 12:21:50",git://github.com/delftdata/flink-statefun-transactions.git
chongchongzi/my-flink-demo,1.7.0,"2022-11-16 11:31:54",git://github.com/chongchongzi/my-flink-demo.git
kailanyue/SZ-Metro,1.11.2,"2021-01-20 14:02:11",git://github.com/kailanyue/SZ-Metro.git
wwek/wwek-udx,1.11.2,"2021-09-12 13:15:12",git://github.com/wwek/wwek-udx.git
icmpnorequest/FlinkLearning,1.8.0,"2020-10-16 06:53:21",git://github.com/icmpnorequest/FlinkLearning.git
alpinegizmo/timing-explorer,1.14.0,"2022-05-20 09:16:21",git://github.com/alpinegizmo/timing-explorer.git
chaokunyang/athena,1.4.0,"2018-10-21 14:35:23",git://github.com/chaokunyang/athena.git
sujeek/FlinkDemo,1.6.2,"2018-12-11 01:54:35",git://github.com/sujeek/FlinkDemo.git
mattczyz/flink-orc,1.9.1,"2020-10-13 19:04:59",git://github.com/mattczyz/flink-orc.git
dmpalyvos/ananke,1.10.0,"2022-05-09 07:37:21",git://github.com/dmpalyvos/ananke.git
king/flink-state-cache,1.11.2,"2020-09-24 10:44:08",git://github.com/king/flink-state-cache.git
luna-learn/flink-connector-redis,1.14.3,"2023-01-28 12:11:00",git://github.com/luna-learn/flink-connector-redis.git
aiven/slack-connector-for-apache-flink,1.16.0,"2023-03-03 12:31:37",git://github.com/aiven/slack-connector-for-apache-flink.git
dineshtrivedi/flink-java-project,1.3.0,"2017-07-24 21:24:48",git://github.com/dineshtrivedi/flink-java-project.git
Shark/flink-connector-influxdb-example,1.12.1,"2021-03-17 07:59:40",git://github.com/Shark/flink-connector-influxdb-example.git
achugr/flink-comms-processing,1.11.2,"2020-10-19 03:38:43",git://github.com/achugr/flink-comms-processing.git
shaolei7788/flinkx-1.12,1.12.2,"2021-11-05 09:58:13",git://github.com/shaolei7788/flinkx-1.12.git
shizhengchao/flink-sql-platform,1.11.1,"2020-09-09 16:05:29",git://github.com/shizhengchao/flink-sql-platform.git
ScaleUnlimited/flink-streaming-kmeans,1.6.0,"2018-11-15 01:21:10",git://github.com/ScaleUnlimited/flink-streaming-kmeans.git
aikuyun/flinkx,1.8.1,"2022-11-16 09:26:04",git://github.com/aikuyun/flinkx.git
iamsergiy/KafkaToMongo,1.1.3,"2016-11-10 12:31:14",git://github.com/iamsergiy/KafkaToMongo.git
itinycheng/flink-platform-backend,1.12.0,"2023-03-17 12:06:21",git://github.com/itinycheng/flink-platform-backend.git
ysjiang4869/code-example,1.9.0,"2021-08-09 20:56:15",git://github.com/ysjiang4869/code-example.git
dongqiangqiang2/flink,1.9.0,"2022-06-21 02:12:42",git://github.com/dongqiangqiang2/flink.git
DeveloperZJQ/learning-flink,1.15.0,"2022-12-14 06:11:19",git://github.com/DeveloperZJQ/learning-flink.git
rmetzger/flink-utils,1.15.0,"2022-05-17 09:33:29",git://github.com/rmetzger/flink-utils.git
Whojohn/flink-sql,1.12.5,"2022-02-28 07:49:04",git://github.com/Whojohn/flink-sql.git
flicck/flink-simpleapi,1.6.2,"2021-01-06 20:17:15",git://github.com/flicck/flink-simpleapi.git
qingtiandalaoye/net1qian-flink-ctp-demo,1.7.1,"2019-01-16 04:07:05",git://github.com/qingtiandalaoye/net1qian-flink-ctp-demo.git
iamsir/flink-demo,1.9.1,"2022-06-21 02:08:56",git://github.com/iamsir/flink-demo.git
azagrebin/flink-service,1.10.0,"2022-11-16 07:23:31",git://github.com/azagrebin/flink-service.git
TiStore/flink-cdc-connector,1.13.3,"2022-01-09 04:58:32",git://github.com/TiStore/flink-cdc-connector.git
lei-zuquan/flink-clickhouse-sink,1.9.0,"2021-01-05 00:36:32",git://github.com/lei-zuquan/flink-clickhouse-sink.git
DisyInformationssysteme/biggis-streaming-vector-data,1.1.1,"2021-12-15 13:01:55",git://github.com/DisyInformationssysteme/biggis-streaming-vector-data.git
future94/flink-connector-redis,1.14.5,"2022-09-26 11:36:44",git://github.com/future94/flink-connector-redis.git
WolfForgan/flink-connector-netty,1.14.2,"2022-03-07 09:30:34",git://github.com/WolfForgan/flink-connector-netty.git
basiszwo/flak-flink-geomesa,1.2.0,"2017-08-26 20:06:22",git://github.com/basiszwo/flak-flink-geomesa.git
bmeriaux/flink-clean-architecture-example,1.6.2,"2018-11-14 11:34:43",git://github.com/bmeriaux/flink-clean-architecture-example.git
moutainhigh/flink-rocketmq-cassandra,1.8.0,"2019-11-12 03:35:01",git://github.com/moutainhigh/flink-rocketmq-cassandra.git
kuberhan/flink-streaming-development-platform,1.4.0,"2022-03-13 07:36:55",git://github.com/kuberhan/flink-streaming-development-platform.git
jiangjingyu110/http-flink,0.0.1,"2023-02-17 07:40:47",git://github.com/jiangjingyu110/http-flink.git
miwurster/flink-influxdb,1.0.3,"2016-06-15 06:51:21",git://github.com/miwurster/flink-influxdb.git
tj---/iceberg-demo,1.15.0,"2022-05-30 13:02:42",git://github.com/tj---/iceberg-demo.git
klarna-incubator/flink-connector-jdbc-1.8,1.8.2,"2021-09-30 02:29:35",git://github.com/klarna-incubator/flink-connector-jdbc-1.8.git
TU-Berlin-DIMA/Condor,1.8.0,"2021-09-17 10:04:15",git://github.com/TU-Berlin-DIMA/Condor.git
mcfongtw/flink-cassandra-connector-examples,1.8.1,"2022-02-26 00:50:41",git://github.com/mcfongtw/flink-cassandra-connector-examples.git
aroch/flink-metrics-dogstatsd,1.9.1,"2020-06-10 13:46:11",git://github.com/aroch/flink-metrics-dogstatsd.git
eleniKougiou/Flink-cep-automation,1.9.3,"2021-04-25 13:26:42",git://github.com/eleniKougiou/Flink-cep-automation.git
deemogsw/rocketMQ-flink-connector,1.15.0,"2023-01-17 07:00:48",git://github.com/deemogsw/rocketMQ-flink-connector.git
wooplevip/tlink,1.9.1,"2021-05-21 19:24:02",git://github.com/wooplevip/tlink.git
lwyh/flinkStreamSQL,1.8.1,"2022-01-29 04:13:13",git://github.com/lwyh/flinkStreamSQL.git
dbsd11/flinkStreamSQL-test,1.11.1,"2021-03-24 08:11:33",git://github.com/dbsd11/flinkStreamSQL-test.git
simenliuxing/flinkStreamSQL,1.9.1,"2022-11-16 06:42:34",git://github.com/simenliuxing/flinkStreamSQL.git
hb-chen/flink-practice,1.8.0,"2019-05-19 01:45:57",git://github.com/hb-chen/flink-practice.git
gmarciani/flink-app,1.3.1,"2017-07-29 13:44:26",git://github.com/gmarciani/flink-app.git
vraja2/flink-sessionization,1.6.0,"2018-09-24 01:20:01",git://github.com/vraja2/flink-sessionization.git
zBrainiac/streaming-flink,1.14.0,"2022-06-22 13:46:51",git://github.com/zBrainiac/streaming-flink.git
liuyq-617/TD-Flink,1.14.3,"2022-05-17 05:35:23",git://github.com/liuyq-617/TD-Flink.git
kbialek/flink-consul,1.11.2,"2022-07-05 15:23:11",git://github.com/kbialek/flink-consul.git
e3oroush/flink-tutorial,1.8.0,"2019-07-13 17:54:08",git://github.com/e3oroush/flink-tutorial.git
rootcss/flink-rabbitmq,1.1.3,"2016-12-16 13:21:33",git://github.com/rootcss/flink-rabbitmq.git
dusukang/flink-study,1.13.3,"2022-07-26 02:30:41",git://github.com/dusukang/flink-study.git
finkformatics/flink-percentiles,1.4.1,"2018-03-18 10:54:49",git://github.com/finkformatics/flink-percentiles.git
yanghaiji/IT-Demo,1.15.0,"2023-03-15 07:53:32",git://github.com/yanghaiji/IT-Demo.git
jaslou/flink-project,1.11.3,"2022-07-01 17:42:52",git://github.com/jaslou/flink-project.git
godatadriven/flink-streaming-xke,1.1.1,"2021-06-22 16:32:49",git://github.com/godatadriven/flink-streaming-xke.git
xieyucan/flink-easy-function,1.10.0,"2021-03-06 11:37:01",git://github.com/xieyucan/flink-easy-function.git
whiteCcinn/flink-sql-submit,1.12.0,"2022-02-15 07:17:46",git://github.com/whiteCcinn/flink-sql-submit.git
miwurster/flink-connector-jms,1.0.3,"2016-06-14 16:24:30",git://github.com/miwurster/flink-connector-jms.git
caarlos0-graveyard/flink-async-http-example,1.12.3,"2021-06-04 19:27:24",git://github.com/caarlos0-graveyard/flink-async-http-example.git
sekruse/sindy,1.3.1,"2018-07-12 19:12:36",git://github.com/sekruse/sindy.git
nvguiyachuang/flink-cdc-mysql-to-doris,1.13.6,"2022-07-22 10:38:58",git://github.com/nvguiyachuang/flink-cdc-mysql-to-doris.git
braineering/socstream,1.3.1,"2017-07-25 19:52:08",git://github.com/braineering/socstream.git
sev7e0/wow-flink,1.9.0,"2022-10-04 23:58:11",git://github.com/sev7e0/wow-flink.git
a327919006/flink-sample,1.14.2,"2022-08-08 02:52:47",git://github.com/a327919006/flink-sample.git
ibywind/flink-demo,1.6.2,"2019-01-09 02:17:11",git://github.com/ibywind/flink-demo.git
JavaKingCr/flink-cdc,1.14.4,"2022-09-16 08:27:17",git://github.com/JavaKingCr/flink-cdc.git
nevermined-io/flink-example,1.11.0,"2021-12-14 21:59:27",git://github.com/nevermined-io/flink-example.git
penggle/flink-springboot,1.14.0,"2021-12-04 15:21:31",git://github.com/penggle/flink-springboot.git
SparkWorksnet/demoFlink,1.4.1,"2019-08-26 09:57:40",git://github.com/SparkWorksnet/demoFlink.git
a49a/flink-training,1.10.1,"2022-06-17 02:49:07",git://github.com/a49a/flink-training.git
chenqin/flink-jar,1.2.0,"2017-03-22 05:34:48",git://github.com/chenqin/flink-jar.git
mitakas/flink-apriori-java,1.0.3,"2016-06-15 20:19:53",git://github.com/mitakas/flink-apriori-java.git
databendcloud/flink-connector-databend,1.16.0,"2023-02-28 13:42:28",git://github.com/databendcloud/flink-connector-databend.git
redpanda-data-blog/2022-apache-flink-wordcount,1.14.4,"2022-07-06 20:39:26",git://github.com/redpanda-data-blog/2022-apache-flink-wordcount.git
permanentstar/flink-sql-analyzer,1.15.1,"2022-07-14 10:40:19",git://github.com/permanentstar/flink-sql-analyzer.git
dove-222/flink-connector-redis,1.12.2,"2023-03-15 04:12:38",git://github.com/dove-222/flink-connector-redis.git
XuHaoRran/flink-SourceCode-learning,2.8.5,"2023-02-15 14:01:21",git://github.com/XuHaoRran/flink-SourceCode-learning.git
40CoderPlus/flink-sql-gateway-server,1.16.0,"2023-02-06 00:58:37",git://github.com/40CoderPlus/flink-sql-gateway-server.git
ouyi/kafka-flink-demo,1.7.0,"2019-04-12 11:24:08",git://github.com/ouyi/kafka-flink-demo.git
sftfjugg/flink-cdc-connectors,1.14.4,"2022-10-16 06:12:48",git://github.com/sftfjugg/flink-cdc-connectors.git
twalthr/flink-project-template,1.15.2,"2022-09-14 10:19:30",git://github.com/twalthr/flink-project-template.git
PierreZ/ovh-alerts-flink-demo,1.8.0,"2019-05-04 11:19:48",git://github.com/PierreZ/ovh-alerts-flink-demo.git
EJASKHAN/flink-consume-produce-ek,1.12.1,"2021-02-02 10:29:59",git://github.com/EJASKHAN/flink-consume-produce-ek.git
asdaraujo/flink-kafka-replicator,1.10.1,"2020-12-17 19:46:18",git://github.com/asdaraujo/flink-kafka-replicator.git
baiyao-jrd/FlinkTutorial,1.13.0,"2022-08-18 17:23:37",git://github.com/baiyao-jrd/FlinkTutorial.git
mr-cloud/flink-training-exercises,1.7.1,"2020-10-13 11:39:40",git://github.com/mr-cloud/flink-training-exercises.git
thomasjbake/flink-csv-to-jdbc-demo,1.8.0,"2022-01-21 23:26:48",git://github.com/thomasjbake/flink-csv-to-jdbc-demo.git
zck573693104/flinkLearn,1.14.4,"2022-06-21 04:28:05",git://github.com/zck573693104/flinkLearn.git
shuiliuxing/FlinkJava,1.12.7,"2022-08-28 16:48:15",git://github.com/shuiliuxing/FlinkJava.git
pengchenyu111/FlinkingLearning,1.13.0,"2023-02-19 09:05:58",git://github.com/pengchenyu111/FlinkingLearning.git
maphysics/flinkLecture,1.2.1,"2017-05-26 14:32:55",git://github.com/maphysics/flinkLecture.git
shadon178/FlinkDemo,1.14.4,"2022-04-03 04:26:27",git://github.com/shadon178/FlinkDemo.git
wqkenqing/flinkDemo,1.7.0,"2022-07-01 21:28:54",git://github.com/wqkenqing/flinkDemo.git
Tips-Lee/FlinkTutorial,1.10.1,"2023-01-31 13:20:31",git://github.com/Tips-Lee/FlinkTutorial.git
ItdeerWork/FlinkProject,1.8.0,"2019-08-01 10:21:52",git://github.com/ItdeerWork/FlinkProject.git
dongci777/FlinkCode,1.10.1,"2021-01-04 15:52:53",git://github.com/dongci777/FlinkCode.git
WangJxAh/FlinkIot,1.7.2,"2019-05-17 08:27:00",git://github.com/WangJxAh/FlinkIot.git
lin-ziming/flink211125,1.13.6,"2022-09-21 15:20:52",git://github.com/lin-ziming/flink211125.git
lei-su-awx/FlinkExample,1.11.1,"2022-11-15 23:52:53",git://github.com/lei-su-awx/FlinkExample.git
BenjaminSchiller/FlinkWrapper,1.0.3,"2016-08-09 15:52:56",git://github.com/BenjaminSchiller/FlinkWrapper.git
Yuanzhilx/FlinkLearning,1.14.4,"2022-08-02 08:51:18",git://github.com/Yuanzhilx/FlinkLearning.git
dibragimov/FlinkAssignment,0.7.0,"2019-03-07 07:07:45",git://github.com/dibragimov/FlinkAssignment.git
Hao973/FlinkNotes,1.9.2,"2021-02-02 07:04:36",git://github.com/Hao973/FlinkNotes.git
alvaroame/flinkProgram,1.14.0,"2021-12-12 16:54:03",git://github.com/alvaroame/flinkProgram.git
CodePrometheus/Starry-BigData,1.14.4,"2022-11-16 08:36:32",git://github.com/CodePrometheus/Starry-BigData.git
Kingdom111111/flink,1.10.0,"2020-08-24 02:10:05",git://github.com/Kingdom111111/flink.git
xut345/Flink,1.14.4,"2023-01-08 04:39:28",git://github.com/xut345/Flink.git
success-m/flink,1.13.0,"2021-06-06 10:17:07",git://github.com/success-m/flink.git
BochengZeng/flink,1.9.0,"2022-06-21 02:27:52",git://github.com/BochengZeng/flink.git
qidian99/flink,2.8.5,"2022-08-10 04:48:34",git://github.com/qidian99/flink.git
philterd/philter-streaming,1.9.0,"2020-10-21 14:32:26",git://github.com/philterd/philter-streaming.git
xuite627/workshop_flink1015-1,1.1.2,"2016-10-14 03:10:37",git://github.com/xuite627/workshop_flink1015-1.git
DarlingMoo/flink-flink-cdc,1.13.0,"2021-07-11 15:52:34",git://github.com/DarlingMoo/flink-flink-cdc.git
lisongyan123/flink,1.10.0,"2021-01-06 17:04:13",git://github.com/lisongyan123/flink.git
lvff1/flink,2.8.5,"2022-09-28 12:44:28",git://github.com/lvff1/flink.git
j-mkim/FlinkRPiDrone,1.7.1,"2021-03-10 05:01:50",git://github.com/j-mkim/FlinkRPiDrone.git
TakeMeWhy/flink,1.5.4,"2019-05-13 07:22:11",git://github.com/TakeMeWhy/flink.git
Antti-Kaikkonen/FlinkBlockchainSource,1.10.0,"2022-11-16 00:54:46",git://github.com/Antti-Kaikkonen/FlinkBlockchainSource.git
MHuiG/FlinkWordCountJava,1.8.3,"2020-02-08 01:37:37",git://github.com/MHuiG/FlinkWordCountJava.git
magicLian/FlinkJobs-Java,1.14.0,"2022-01-26 03:31:14",git://github.com/magicLian/FlinkJobs-Java.git
Lguangping/flinkConnectDemo,1.9.0,"2022-06-17 03:08:40",git://github.com/Lguangping/flinkConnectDemo.git
Flowdawan/FlinkKafkaSample,1.14.0,"2022-07-03 14:27:35",git://github.com/Flowdawan/FlinkKafkaSample.git
MGloder/FlinkCassandraRandomSpike,1.9.1,"2019-12-26 09:50:49",git://github.com/MGloder/FlinkCassandraRandomSpike.git
EventadorTemplates/FlinkReadWriteKafka,1.10.1,"2020-09-16 15:18:12",git://github.com/EventadorTemplates/FlinkReadWriteKafka.git
GourdErwa/flink-cdc-connectors-release-2.2.1_flink1.14,1.14.4,"2022-05-16 09:55:32",git://github.com/GourdErwa/flink-cdc-connectors-release-2.2.1_flink1.14.git
jtadrosEventador/Flink10ReadWriteTest,1.10.1,"2020-09-16 15:25:13",git://github.com/jtadrosEventador/Flink10ReadWriteTest.git
spolex/flink-training,1.1.3,"2016-11-08 19:40:05",git://github.com/spolex/flink-training.git
yiifaa/mirana-flink,1.3.2,"2017-11-29 08:10:08",git://github.com/yiifaa/mirana-flink.git
janson11/flink-demo,1.10.0,"2022-02-14 10:11:14",git://github.com/janson11/flink-demo.git
ajiniesta/flink-tests,0.10.1,"2016-07-23 19:32:03",git://github.com/ajiniesta/flink-tests.git
lhfei/flink-examples,1.8.0,"2021-08-17 03:53:24",git://github.com/lhfei/flink-examples.git
chuyuqiao/flink-demo,1.14.1,"2021-12-18 15:02:01",git://github.com/chuyuqiao/flink-demo.git
penggle/flink-examples,1.0.0,"2021-12-06 13:07:01",git://github.com/penggle/flink-examples.git
NeverWaitLight/flink-demo,1.14.4,"2022-08-18 08:48:07",git://github.com/NeverWaitLight/flink-demo.git
Fillps/flink-applications,1.0.3,"2020-11-28 19:13:21",git://github.com/Fillps/flink-applications.git
wufeiyueGit/flink-learning,1.10.0,"2020-05-29 01:12:11",git://github.com/wufeiyueGit/flink-learning.git
0xqq/flink-examples-1,1.5.1,"2018-08-14 11:38:12",git://github.com/0xqq/flink-examples-1.git
brainhzhao/flinkdemo,1.9.0,"2022-06-21 01:51:54",git://github.com/brainhzhao/flinkdemo.git
codspire/flink-playground,1.12.0,"2020-12-28 23:45:17",git://github.com/codspire/flink-playground.git
LiveOnesDream/flink-learning,1.10.0,"2021-08-09 15:34:20",git://github.com/LiveOnesDream/flink-learning.git
CodeGarden2009/flink-learning,1.6.1,"2019-03-16 06:24:19",git://github.com/CodeGarden2009/flink-learning.git
DataStories-UniPi/Trajectory-Synopses-Generator,0.10.2,"2022-11-16 09:30:16",git://github.com/DataStories-UniPi/Trajectory-Synopses-Generator.git
lschampion/chunjun-with-flink1.12.7,1.12.7,"2022-11-17 09:14:32",git://github.com/lschampion/chunjun-with-flink1.12.7.git
gupta-himanshu/flinkathon,1.4.2,"2018-05-15 12:42:56",git://github.com/gupta-himanshu/flinkathon.git
NestorCao/flinkx,1.5.4,"2021-08-17 03:26:20",git://github.com/NestorCao/flinkx.git
Nicky-Ning/flinkx,1.5.4,"2019-05-22 03:29:50",git://github.com/Nicky-Ning/flinkx.git
silvermissile/flinkdemo,1.13.2,"2021-10-14 04:57:58",git://github.com/silvermissile/flinkdemo.git
icefairy/flinkall,1.13.6,"2023-01-05 07:52:56",git://github.com/icefairy/flinkall.git
kailanyue/Flink-tutorial,1.12.5,"2021-11-14 05:57:33",git://github.com/kailanyue/Flink-tutorial.git
ehabqadah/in-situ-processing-datAcron,1.4.0,"2018-01-11 15:49:27",git://github.com/ehabqadah/in-situ-processing-datAcron.git
dbs-leipzig/graph-stream-zoomer,1.14.0,"2023-02-07 16:06:53",git://github.com/dbs-leipzig/graph-stream-zoomer.git
bi-geek/flink-connector-bitcoin,1.5.0,"2018-06-19 13:15:38",git://github.com/bi-geek/flink-connector-bitcoin.git
homepy/whale-flink,1.8.0,"2022-03-07 10:50:30",git://github.com/homepy/whale-flink.git
suola-opensource/flink-sql-submit,1.12.1,"2021-07-14 02:50:31",git://github.com/suola-opensource/flink-sql-submit.git
iicanf/flink-demo,1.5.0,"2018-07-26 08:00:34",git://github.com/iicanf/flink-demo.git
baiyao-jrd/flink-learning,1.13.0,"2022-08-27 12:50:56",git://github.com/baiyao-jrd/flink-learning.git
xspurs/flink-practice,1.2.0,"2018-01-04 09:15:34",git://github.com/xspurs/flink-practice.git
sisgandarli/sample-flink-project,1.9.0,"2021-05-21 19:23:27",git://github.com/sisgandarli/sample-flink-project.git
StanYuan/flink_learning_fix,1.14.2,"2022-02-18 10:15:49",git://github.com/StanYuan/flink_learning_fix.git
AjaxXu/flink-learning-project,1.8.0,"2019-05-27 08:09:30",git://github.com/AjaxXu/flink-learning-project.git
zheng-zy/flink-demo,1.9.2,"2022-12-16 04:37:46",git://github.com/zheng-zy/flink-demo.git
galgus/flink-connector-rabbitmq,1.9.0,"2019-10-02 15:02:19",git://github.com/galgus/flink-connector-rabbitmq.git
MonsterChenzhuo/flink-connector-mongo,1.13.1,"2021-09-25 02:53:55",git://github.com/MonsterChenzhuo/flink-connector-mongo.git
Yuanzhilx/Flink_Study_2021,1.12.0,"2022-08-02 09:44:30",git://github.com/Yuanzhilx/Flink_Study_2021.git
smarthi/infinispan-flink,0.10.0,"2015-11-25 02:12:10",git://github.com/smarthi/infinispan-flink.git
a49a/slink,1.11.2,"2022-09-08 01:13:09",git://github.com/a49a/slink.git
suxil/flink-example,1.10.0,"2020-07-03 06:23:29",git://github.com/suxil/flink-example.git
willem520/flink-learning,1.7.2,"2022-06-21 01:11:58",git://github.com/willem520/flink-learning.git
nanxiuzi/myflink,1.10.0,"2021-05-21 19:22:03",git://github.com/nanxiuzi/myflink.git
xiaohan2013/flink-tutorial,1.15.0,"2023-02-09 14:33:06",git://github.com/xiaohan2013/flink-tutorial.git
dnxbjyj/flink-learn,1.9.2,"2022-06-17 03:10:56",git://github.com/dnxbjyj/flink-learn.git
a49a/luna-flink,1.12.2,"2021-09-09 10:00:34",git://github.com/a49a/luna-flink.git
DimitriMok/src_flink,2.8.5,"2022-08-02 16:09:35",git://github.com/DimitriMok/src_flink.git
kubesure/multistreamjoin,1.10.0,"2022-05-20 21:44:36",git://github.com/kubesure/multistreamjoin.git
zju-zhanglu/flink-connector-redis,1.13.1,"2021-11-25 12:50:07",git://github.com/zju-zhanglu/flink-connector-redis.git
nnphuc/flink-java,1.12.0,"2021-09-04 16:27:46",git://github.com/nnphuc/flink-java.git
wl4g/cdc,1.14.4,"2022-06-14 07:09:03",git://github.com/wl4g/cdc.git
chasingadreams/flink_x,1.10.0,"2022-03-18 09:50:12",git://github.com/chasingadreams/flink_x.git
jiangxin369/gpu-on-flink,1.13.3,"2021-11-14 13:24:29",git://github.com/jiangxin369/gpu-on-flink.git
bi-geek/flink-connector-ethereum,1.5.0,"2019-04-30 15:13:19",git://github.com/bi-geek/flink-connector-ethereum.git
ansi-code/jasmine-stream-flink,1.8.1,"2019-07-12 17:31:59",git://github.com/ansi-code/jasmine-stream-flink.git
HarshadRanganathan/flink-examples,1.9.2,"2022-01-04 16:39:23",git://github.com/HarshadRanganathan/flink-examples.git
FuyaoLi2017/flink-native-kubernetes-operator,1.12.1,"2021-05-04 22:04:58",git://github.com/FuyaoLi2017/flink-native-kubernetes-operator.git
0x822a5b87/test-flink-sql,1.13.2,"2021-10-14 08:38:29",git://github.com/0x822a5b87/test-flink-sql.git
yunzhongniao/flink-demo,1.8.0,"2022-02-09 22:16:40",git://github.com/yunzhongniao/flink-demo.git
BitterGourd/flink-examples,1.11.1,"2020-11-27 04:11:23",git://github.com/BitterGourd/flink-examples.git
flowerfine/flink-http-connectors,1.13.6,"2022-05-13 07:42:47",git://github.com/flowerfine/flink-http-connectors.git
Eliav2qhsuh/arjunsk,1.8.2,"2021-12-16 05:23:53",git://github.com/Eliav2qhsuh/arjunsk.git
manuelscurti/vehicle_telematics,1.3.2,"2019-01-24 13:18:12",git://github.com/manuelscurti/vehicle_telematics.git
SigalHu/flink-exercise,1.7.2,"2019-11-08 15:36:41",git://github.com/SigalHu/flink-exercise.git
jjbuchan/try-flink,1.11.0,"2020-07-30 18:59:50",git://github.com/jjbuchan/try-flink.git
saya-ac-cn/flink-util,1.14.0,"2022-06-28 16:06:21",git://github.com/saya-ac-cn/flink-util.git
terasum/flink-jobs,1.14.3,"2022-05-30 07:58:13",git://github.com/terasum/flink-jobs.git
Stevenchooo/Flink-test,1.8.0,"2019-06-20 06:25:07",git://github.com/Stevenchooo/Flink-test.git
ScaleUnlimited/flink-utils,1.7.1,"2019-03-14 18:36:17",git://github.com/ScaleUnlimited/flink-utils.git
narioinc/Flink-Demos,1.9.1,"2022-02-11 10:44:17",git://github.com/narioinc/Flink-Demos.git
Supertra/flink-learning,1.10.0,"2020-09-11 07:23:11",git://github.com/Supertra/flink-learning.git
gnehcgnaw/flink-learning,1.11.0,"2020-08-17 09:55:26",git://github.com/gnehcgnaw/flink-learning.git
rohankumardubey/flink-statefun,1.13.0,"2021-08-07 15:44:14",git://github.com/rohankumardubey/flink-statefun.git
v-hemant/Kafka-Flink,0.10.1,"2016-02-15 06:17:57",git://github.com/v-hemant/Kafka-Flink.git
livebycode/hello-flink,1.8.0,"2019-07-07 14:42:46",git://github.com/livebycode/hello-flink.git
levid-gc/flink-learning,1.10.0,"2020-03-10 09:35:40",git://github.com/levid-gc/flink-learning.git
h4nek/flink-rc,1.8.2,"2020-06-12 11:02:12",git://github.com/h4nek/flink-rc.git
iuiuu/learning-flink,1.11.1,"2020-12-01 10:51:53",git://github.com/iuiuu/learning-flink.git
zcm133625/flinkx-all,1.10.1,"2021-07-05 13:14:30",git://github.com/zcm133625/flinkx-all.git
HongyuJiang/Flink_Exercise,1.13.0,"2021-08-01 00:51:45",git://github.com/HongyuJiang/Flink_Exercise.git
nsanthony/flink-examples,1.14.2,"2022-05-14 16:56:48",git://github.com/nsanthony/flink-examples.git
rovo98/manul-flink,1.14.4,"2022-08-17 02:00:21",git://github.com/rovo98/manul-flink.git
shirukai/rocketmq-flink,1.14.0,"2022-03-10 09:42:57",git://github.com/shirukai/rocketmq-flink.git
hkdijia/flink_cdc,1.13.0,"2022-11-28 02:38:10",git://github.com/hkdijia/flink_cdc.git
yogboot/flink-deploy,1.14.6,"2023-03-18 13:36:44",git://github.com/yogboot/flink-deploy.git
ativ97/kafka-flink,0.9.1,"2019-12-31 00:26:05",git://github.com/ativ97/kafka-flink.git
yindahuisme/flink_learn,1.10.0,"2020-11-18 14:45:46",git://github.com/yindahuisme/flink_learn.git
zyf-proj/flink-template,1.11.3,"2022-02-06 08:08:03",git://github.com/zyf-proj/flink-template.git
EJASKHAN/flink-producer,1.12.0,"2021-02-02 10:37:25",git://github.com/EJASKHAN/flink-producer.git
smwiss326/flink-kafka,1.10.0,"2022-03-03 14:36:54",git://github.com/smwiss326/flink-kafka.git
streamr-dev/streamr-flink,1.8.0,"2019-09-16 12:18:52",git://github.com/streamr-dev/streamr-flink.git
Wang1995/flink-demo,1.11.2,"2020-12-22 10:22:27",git://github.com/Wang1995/flink-demo.git
huang714669/flink-tutorials,1.12.1,"2021-02-18 07:14:49",git://github.com/huang714669/flink-tutorials.git
hyy4008zx/flink-tutorials,1.10.0,"2022-03-18 07:15:48",git://github.com/hyy4008zx/flink-tutorials.git
katus98/gis-flink,1.15.2,"2023-03-06 08:58:42",git://github.com/katus98/gis-flink.git
mxm/flink-dataflow,1.0.0,"2016-06-13 09:08:15",git://github.com/mxm/flink-dataflow.git
yuanyangwu/flink-training,1.6.2,"2019-01-02 13:57:48",git://github.com/yuanyangwu/flink-training.git
MBtech/gpa-flink,1.7.2,"2019-03-12 23:15:57",git://github.com/MBtech/gpa-flink.git
viptianhong/flink-app,1.9.0,"2022-06-17 02:55:52",git://github.com/viptianhong/flink-app.git
newsuperchao/flink-debug,2.8.5,"2023-02-10 19:36:34",git://github.com/newsuperchao/flink-debug.git
SudarsanSridharan16/flink-sandpit,1.1.4,"2017-10-20 05:42:13",git://github.com/SudarsanSridharan16/flink-sandpit.git
lukashass/flink-devcontainer,1.13.0,"2021-05-25 13:58:21",git://github.com/lukashass/flink-devcontainer.git
cliffcw/flink-learn,1.7.2,"2022-06-21 01:36:16",git://github.com/cliffcw/flink-learn.git
krisjin/flink-train,1.8.0,"2022-06-17 02:17:44",git://github.com/krisjin/flink-train.git
JDoIt/flink-examples,1.8.0,"2019-04-28 19:31:41",git://github.com/JDoIt/flink-examples.git
angeligareta/flink-overview,1.9.1,"2021-02-15 16:54:00",git://github.com/angeligareta/flink-overview.git
gan785160627/flinkx-all,1.8.1,"2022-11-16 09:23:47",git://github.com/gan785160627/flinkx-all.git
baba-shinde/flink-examples,1.8.0,"2019-05-12 18:34:12",git://github.com/baba-shinde/flink-examples.git
edwardep/flink-training,1.9.0,"2020-10-13 15:44:17",git://github.com/edwardep/flink-training.git
wxb9027/flink-learning,1.10.0,"2022-06-21 03:54:57",git://github.com/wxb9027/flink-learning.git
WilliamSong112/flink-learning,1.10.0,"2022-05-20 21:51:47",git://github.com/WilliamSong112/flink-learning.git
newsuperchao/flinkx-debug,1.16.1,"2023-03-20 02:33:47",git://github.com/newsuperchao/flinkx-debug.git
janhaa/flink-starter,1.8.0,"2022-11-15 23:53:15",git://github.com/janhaa/flink-starter.git
HongminL/KafkaFlink,1.10.0,"2022-06-21 03:08:13",git://github.com/HongminL/KafkaFlink.git
DongJigong/flink-demo,1.9.1,"2022-06-21 02:18:56",git://github.com/DongJigong/flink-demo.git
shriyog/flink-starter,1.5.0,"2020-12-25 18:00:07",git://github.com/shriyog/flink-starter.git
augustinkrause/FADS-Flink,1.14.4,"2022-12-03 16:33:28",git://github.com/augustinkrause/FADS-Flink.git
vincenzo-gulisano/bes_flink,1.0.3,"2021-12-05 17:04:14",git://github.com/vincenzo-gulisano/bes_flink.git
ThalesGSN/kt-flink,1.3.2,"2018-04-24 16:37:07",git://github.com/ThalesGSN/kt-flink.git
moutainhigh/Flink-DSP,1.12.1,"2021-02-10 10:17:06",git://github.com/moutainhigh/Flink-DSP.git
CarlosSanabriaM/flink-basics,1.11.1,"2022-11-02 08:11:55",git://github.com/CarlosSanabriaM/flink-basics.git
kayhaw/flink-example,1.14.0,"2021-12-20 15:32:22",git://github.com/kayhaw/flink-example.git
lishiyucn/flink-pump,1.13.1,"2022-07-25 04:03:03",git://github.com/lishiyucn/flink-pump.git
BruceCC/flink-practice,1.14.4,"2022-06-01 10:55:20",git://github.com/BruceCC/flink-practice.git
spjcodes/myFlink,2.8.5,"2022-09-19 15:37:33",git://github.com/spjcodes/myFlink.git
hmpippo/flink-practice,1.12.0,"2020-12-14 03:07:27",git://github.com/hmpippo/flink-practice.git
d-smith/sqs-flink,1.11.0,"2022-08-04 21:15:39",git://github.com/d-smith/sqs-flink.git
dbsd11/flinkx-test,1.11.3,"2021-03-24 08:24:49",git://github.com/dbsd11/flinkx-test.git
ainusers/flink-quickstart,1.13.1,"2021-12-10 03:35:27",git://github.com/ainusers/flink-quickstart.git
littlefattiger/Flink-User,1.12.7,"2022-02-20 23:29:20",git://github.com/littlefattiger/Flink-User.git
liangtao123/flink_atguigu,1.13.0,"2022-11-18 05:27:36",git://github.com/liangtao123/flink_atguigu.git
wanfg2580/flink_learn,2.8.5,"2023-03-05 08:16:53",git://github.com/wanfg2580/flink_learn.git
riccardotommasini/flink-exercises,1.0.3,"2016-05-22 23:05:37",git://github.com/riccardotommasini/flink-exercises.git
ekzeb/flink-siddhi,1.7.0,"2018-12-12 18:18:54",git://github.com/ekzeb/flink-siddhi.git
uce/flink-cooccurrence,1.3.2,"2020-10-13 13:20:57",git://github.com/uce/flink-cooccurrence.git
smile-sam/flink-learning,1.11.2,"2020-10-29 08:28:48",git://github.com/smile-sam/flink-learning.git
bounce5733/flink-demo,1.11.1,"2021-01-23 13:19:22",git://github.com/bounce5733/flink-demo.git
slankka/flinksql-executor,1.13.0,"2022-03-08 15:05:39",git://github.com/slankka/flinksql-executor.git
benhe119/flink-cep,1.7.2,"2019-06-26 13:53:33",git://github.com/benhe119/flink-cep.git
HWYWL/flink-examples,1.12.4,"2022-01-13 07:25:10",git://github.com/HWYWL/flink-examples.git
rohankumardubey/Pulsar-flink,1.13.1,"2021-08-18 17:53:01",git://github.com/rohankumardubey/Pulsar-flink.git
hlteoh37/flink-rcf,1.16.0,"2022-12-09 11:03:56",git://github.com/hlteoh37/flink-rcf.git
felix273118/flink-study,1.14.4,"2022-12-30 08:05:08",git://github.com/felix273118/flink-study.git
phil3k3/flink-tutorial,1.2.0,"2017-07-16 18:07:38",git://github.com/phil3k3/flink-tutorial.git
shreyas-dev/flink-course,1.9.0,"2019-11-23 12:34:34",git://github.com/shreyas-dev/flink-course.git
muharandy/flink-tutorial,1.10.0,"2020-10-13 19:53:59",git://github.com/muharandy/flink-tutorial.git
xbj137661413/flink-test,1.9.0,"2022-01-04 16:42:49",git://github.com/xbj137661413/flink-test.git
dengd1937/flink-example,1.15.3,"2023-03-10 16:40:13",git://github.com/dengd1937/flink-example.git
wipatrick/flink-cep-java-hska,1.0.3,"2016-06-29 13:32:52",git://github.com/wipatrick/flink-cep-java-hska.git
okkam-it/flink-descriptive-stats,1.7.2,"2019-03-19 15:22:09",git://github.com/okkam-it/flink-descriptive-stats.git
lolipopps/hlink,1.13.0,"2021-08-04 17:13:20",git://github.com/lolipopps/hlink.git
eleniKougiou/Flink-cep-examples,1.8.0,"2021-01-22 01:07:36",git://github.com/eleniKougiou/Flink-cep-examples.git
jinyaqia/flink-sql-submit,1.14.2,"2022-03-11 02:31:49",git://github.com/jinyaqia/flink-sql-submit.git
sharonrosenfeld/beam-poc,1.0.3,"2021-04-29 20:16:41",git://github.com/sharonrosenfeld/beam-poc.git
0x822a5b87/test-flink-druid-superset,1.14.3,"2022-06-16 10:41:05",git://github.com/0x822a5b87/test-flink-druid-superset.git
apengda/fifio,1.14.0,"2021-11-16 11:47:48",git://github.com/apengda/fifio.git
couchbaselabs/flink-connector-couchbase,1.10.1,"2020-06-24 21:06:35",git://github.com/couchbaselabs/flink-connector-couchbase.git
shuiliuxing/XiaoFlinkWeb,1.4.0,"2022-04-15 07:12:13",git://github.com/shuiliuxing/XiaoFlinkWeb.git
LAsbun/flink-learning-in-action,1.7.2,"2019-06-19 22:00:10",git://github.com/LAsbun/flink-learning-in-action.git
enjian/jflink,1.12.0,"2022-08-01 09:20:23",git://github.com/enjian/jflink.git
bechtleav360/flink-connector-rmqstreams,1.16.0,"2023-01-27 10:48:06",git://github.com/bechtleav360/flink-connector-rmqstreams.git
bpark/flink-ignite-demo,1.3.0,"2018-06-20 19:49:54",git://github.com/bpark/flink-ignite-demo.git
ahuazhu/FJoin,1.2.1,"2017-07-06 12:52:53",git://github.com/ahuazhu/FJoin.git
shreyas-dev/flink-twitter-analysis,1.10.0,"2022-05-20 21:40:07",git://github.com/shreyas-dev/flink-twitter-analysis.git
cjcjiang/comp5349_flink,1.2.1,"2017-05-29 03:41:13",git://github.com/cjcjiang/comp5349_flink.git
lucaspemartins/kafka-flink-gear-change,1.1.2,"2017-12-09 10:52:22",git://github.com/lucaspemartins/kafka-flink-gear-change.git
aroch/flink-json-serializers,1.12.0,"2022-11-16 01:23:33",git://github.com/aroch/flink-json-serializers.git
vraja2/flink-wiki-analysis,1.6.0,"2018-08-31 05:42:56",git://github.com/vraja2/flink-wiki-analysis.git
spafka/flink-spark-internal,1.10.0,"2022-09-17 00:06:04",git://github.com/spafka/flink-spark-internal.git
yongge1028/flink-sql-benchmark,1.10.0,"2022-04-12 21:58:20",git://github.com/yongge1028/flink-sql-benchmark.git
LeonAtSH/kafka-flink-101,1.1.2,"2020-07-20 01:18:07",git://github.com/LeonAtSH/kafka-flink-101.git
hanwei-36/flink-sql-submit,1.14.0,"2022-01-05 13:37:41",git://github.com/hanwei-36/flink-sql-submit.git
bestzhuyuan/flink-streaming-platform-web,1.4.0,"2022-01-28 06:17:04",git://github.com/bestzhuyuan/flink-streaming-platform-web.git
carolynduby/flink-phoenix-sample,1.4.0,"2021-10-09 00:34:04",git://github.com/carolynduby/flink-phoenix-sample.git
getindata/flink-ververica-catalog-proxy,1.15.0,"2023-03-14 10:02:37",git://github.com/getindata/flink-ververica-catalog-proxy.git
nisith11/flink-json-dynamo,1.11.2,"2020-11-25 00:42:06",git://github.com/nisith11/flink-json-dynamo.git
ck-gao/flink-project-master,1.13.2,"2021-12-27 07:01:47",git://github.com/ck-gao/flink-project-master.git
jeff-zou/flink-proxy-server,1.15.2,"2022-11-08 08:21:38",git://github.com/jeff-zou/flink-proxy-server.git
ChenShuai1981/flink-sql-submit,1.9.0,"2022-06-21 02:10:17",git://github.com/ChenShuai1981/flink-sql-submit.git
juanpalopez/flink-aws-iot-source,1.6.0,"2022-01-04 16:40:22",git://github.com/juanpalopez/flink-aws-iot-source.git
Danier-Evens/flink-code-demo,1.8.0,"2021-03-29 03:15:32",git://github.com/Danier-Evens/flink-code-demo.git
jerrinot/flink-connector-questdb,1.15.2,"2022-09-09 07:09:03",git://github.com/jerrinot/flink-connector-questdb.git
ccclyt/flink-training-exercises,1.4.2,"2018-10-26 12:30:58",git://github.com/ccclyt/flink-training-exercises.git
Yitian-Zhang/flink-training-exercises,1.9.0,"2020-10-13 16:30:00",git://github.com/Yitian-Zhang/flink-training-exercises.git
ChangShuai1013/flink-multi-task,1.8.0,"2019-10-03 11:17:39",git://github.com/ChangShuai1013/flink-multi-task.git
kartykr/flink-kinesis-analytics,1.8.2,"2020-10-16 12:57:47",git://github.com/kartykr/flink-kinesis-analytics.git
SMART2016/flink-siddhi-with-checkpointing,1.9.0,"2021-07-08 10:53:09",git://github.com/SMART2016/flink-siddhi-with-checkpointing.git
leilinen/flink-ka2ck,1.7.2,"2021-11-22 01:35:08",git://github.com/leilinen/flink-ka2ck.git
rohankumardubey/flink-cdc-connectors,1.13.1,"2021-10-07 07:03:41",git://github.com/rohankumardubey/flink-cdc-connectors.git
appuv/KafkaTemperatureAnalyticsFlink,1.14.2,"2022-01-08 03:51:54",git://github.com/appuv/KafkaTemperatureAnalyticsFlink.git
prabhupatel/flink-mobile-data-usage,1.14.3,"2022-07-10 06:16:00",git://github.com/prabhupatel/flink-mobile-data-usage.git
40CoderPlus/flink-history-server,1.16.0,"2023-02-15 01:37:20",git://github.com/40CoderPlus/flink-history-server.git
juanrh/flink-state-eviction,1.1.3,"2017-01-13 03:38:32",git://github.com/juanrh/flink-state-eviction.git
1144075799/KafkaToFlink,1.8.0,"2019-05-22 00:44:32",git://github.com/1144075799/KafkaToFlink.git
trenchbl/flink-scala-testing,1.8.0,"2020-10-13 14:51:22",git://github.com/trenchbl/flink-scala-testing.git
sivakarthikt/flink-training-exercises,1.7.1,"2019-01-18 22:40:45",git://github.com/sivakarthikt/flink-training-exercises.git
woophee/flink-best-practices,1.9.0,"2020-05-29 15:56:36",git://github.com/woophee/flink-best-practices.git
ptfrwrd/Apache-Flink-Lab-3,1.10.0,"2020-12-20 16:58:09",git://github.com/ptfrwrd/Apache-Flink-Lab-3.git
asdaraujo/flink-lag-monitor,1.3.0,"2021-07-21 09:59:11",git://github.com/asdaraujo/flink-lag-monitor.git
bdpext/flink-client-ext,1.14.0,"2022-01-29 09:34:06",git://github.com/bdpext/flink-client-ext.git
rohankumardubey/flink-cdc-connector,1.13.5,"2022-04-07 19:09:32",git://github.com/rohankumardubey/flink-cdc-connector.git
lhyundeadsoul/flink-cep-task,1.14.4,"2022-05-06 08:52:17",git://github.com/lhyundeadsoul/flink-cep-task.git
thinusswart/redpanda-flink-example,1.14.4,"2022-04-26 06:13:16",git://github.com/thinusswart/redpanda-flink-example.git
coodajingang/flink-http-connector,1.12.0,"2022-10-21 03:09:47",git://github.com/coodajingang/flink-http-connector.git
mtfelisb/flink-connector-elasticsearch,1.15.2,"2022-12-15 01:28:55",git://github.com/mtfelisb/flink-connector-elasticsearch.git
ADLINK-IST/flink-connector-dds,1.2.0,"2017-07-13 10:50:45",git://github.com/ADLINK-IST/flink-connector-dds.git
pangliang/flink-connector-futuopend,1.15.3,"2023-01-23 13:06:48",git://github.com/pangliang/flink-connector-futuopend.git
HungUnicorn/flink-kafka-example,1.3.0,"2018-04-23 09:47:57",git://github.com/HungUnicorn/flink-kafka-example.git
EveryTian/flink-training-exercises,1.7.2,"2019-04-27 07:20:29",git://github.com/EveryTian/flink-training-exercises.git
mattczyz/flink-dynamodb-fs,1.9.1,"2020-10-13 21:48:21",git://github.com/mattczyz/flink-dynamodb-fs.git
kyle-lt/kafka-spark-flink-example,1.4.2,"2021-09-13 18:38:23",git://github.com/kyle-lt/kafka-spark-flink-example.git
cqdxwjd/flink-in-action,1.11.2,"2022-08-24 09:49:27",git://github.com/cqdxwjd/flink-in-action.git
ep-infosec/33_apache_flink,2.8.5,"2022-12-10 21:36:23",git://github.com/ep-infosec/33_apache_flink.git
xjmdoo/flink-toy-file-connector,1.15.3,"2023-03-08 09:34:37",git://github.com/xjmdoo/flink-toy-file-connector.git
mrsimpson/flink-vehicle-playground,1.16.1,"2023-03-15 23:23:34",git://github.com/mrsimpson/flink-vehicle-playground.git
0xNacho/kudu-flink-examples,1.3.2,"2017-11-13 22:04:40",git://github.com/0xNacho/kudu-flink-examples.git
happy7023/flink-connector-kudu,1.2.0,"2017-05-31 19:11:09",git://github.com/happy7023/flink-connector-kudu.git
patrickneubauer/kafka-flink-kubernetes-example,1.4.2,"2021-12-14 21:44:27",git://github.com/patrickneubauer/kafka-flink-kubernetes-example.git
leiqu/flink-cdc-connectors,1.11.0,"2020-07-28 05:38:08",git://github.com/leiqu/flink-cdc-connectors.git
lwyh/-flink-training-exercises,1.10.0,"2022-01-28 08:56:41",git://github.com/lwyh/-flink-training-exercises.git
dannycranmer/flink-kinesis-streams-source,1.16.0,"2022-12-05 22:44:28",git://github.com/dannycranmer/flink-kinesis-streams-source.git
narioinc/Flink-CEP-Demo-2,1.9.1,"2022-05-20 21:29:33",git://github.com/narioinc/Flink-CEP-Demo-2.git
DipakSalunke/apache-flink-tutorials,1.14.3,"2022-01-29 14:50:00",git://github.com/DipakSalunke/apache-flink-tutorials.git
CarlosSanabriaM/flink-sql-poc,1.15.0,"2022-06-24 08:40:58",git://github.com/CarlosSanabriaM/flink-sql-poc.git
bpmfio/flink-cdc-doris,1.14.5,"2022-08-08 14:35:04",git://github.com/bpmfio/flink-cdc-doris.git
18434365386/flink-platform-web,1.5.0,"2023-01-04 02:42:59",git://github.com/18434365386/flink-platform-web.git
jkozlowicz/flink-training-exercises,1.8.0,"2020-10-13 13:44:49",git://github.com/jkozlowicz/flink-training-exercises.git
shriyog/flink-connector-amps,1.7.0,"2020-12-25 17:58:52",git://github.com/shriyog/flink-connector-amps.git
Jrebel-i/source_flink_cdc,1.13.3,"2022-04-08 12:54:31",git://github.com/Jrebel-i/source_flink_cdc.git
Tandoy/flink-sql-connector-redis,1.13.5,"2022-03-29 12:36:18",git://github.com/Tandoy/flink-sql-connector-redis.git
rohankumardubey/flink-iceberg-demo,1.11.3,"2023-01-23 19:18:33",git://github.com/rohankumardubey/flink-iceberg-demo.git
matteobucci/flink-sciff-launcher,1.3.2,"2017-10-05 13:44:41",git://github.com/matteobucci/flink-sciff-launcher.git
aakashk2910/flink-kafka-elasticsearch,0.9.1,"2018-05-09 19:54:23",git://github.com/aakashk2910/flink-kafka-elasticsearch.git
amarjitdhillon/BasicFlinkPattern,1.3.2,"2018-07-14 08:47:24",git://github.com/amarjitdhillon/BasicFlinkPattern.git
frolma/flink-nats-source,1.16.1,"2023-02-26 15:38:00",git://github.com/frolma/flink-nats-source.git
jjaesang/flink-training-exercises,1.9.0,"2020-10-13 16:30:47",git://github.com/jjaesang/flink-training-exercises.git
heronggen/flink-java-template,1.12.2,"2021-04-16 10:07:55",git://github.com/heronggen/flink-java-template.git
Maerodrim/flink-training-exercises-master,1.10.0,"2021-12-19 18:55:48",git://github.com/Maerodrim/flink-training-exercises-master.git
mbalassi/flink-stateful-tester,1.14.0,"2021-12-07 15:03:52",git://github.com/mbalassi/flink-stateful-tester.git
lwyh/-flink-jdbc-driver,1.10.0,"2022-01-28 08:59:25",git://github.com/lwyh/-flink-jdbc-driver.git
kkrugler/flink-hudi-query-test,1.15.1,"2023-03-09 23:40:21",git://github.com/kkrugler/flink-hudi-query-test.git
FlakyTestDetection/Flink-WikipediaEditCount,0.10.1,"2017-09-11 12:32:43",git://github.com/FlakyTestDetection/Flink-WikipediaEditCount.git
nielsbasjes/Reproduce-FLINK-5025,1.1.3,"2016-11-21 15:52:39",git://github.com/nielsbasjes/Reproduce-FLINK-5025.git
gehaxelt/Flink-WikipediaEditCount,0.10.1,"2021-03-28 17:52:20",git://github.com/gehaxelt/Flink-WikipediaEditCount.git
antonrud/flink-frequent-patterns,1.7.0,"2019-01-08 11:11:43",git://github.com/antonrud/flink-frequent-patterns.git
wangrollin/apache-flink-datastream-api,1.9.1,"2020-04-10 02:45:27",git://github.com/wangrollin/apache-flink-datastream-api.git
hameizi/flink-jdbc-driver,1.10.0,"2021-01-06 20:16:43",git://github.com/hameizi/flink-jdbc-driver.git
Zentopia/learn-flink-java,1.11.2,"2020-10-28 07:14:55",git://github.com/Zentopia/learn-flink-java.git
itdiuna/mqtt-flink-connector,1.16.0,"2023-02-12 01:13:44",git://github.com/itdiuna/mqtt-flink-connector.git
zhiweio/flink-format-maxwellx,1.12.2,"2022-11-07 06:13:00",git://github.com/zhiweio/flink-format-maxwellx.git
