apache/hadoop,3.4.0,"2023-02-18 11:39:24",git://github.com/apache/hadoop.git
elastic/elasticsearch-hadoop,3.1.2,"2023-02-16 22:07:51",git://github.com/elastic/elasticsearch-hadoop.git
facebookarchive/hadoop-20,0.20.0,"2014-10-10 18:40:53",git://github.com/facebookarchive/hadoop-20.git
Qihoo360/XLearning,2.7.3,"2021-07-22 17:46:26",git://github.com/Qihoo360/XLearning.git
elephantscale/hadoop-book,0.20.205,"2022-08-12 05:25:55",git://github.com/elephantscale/hadoop-book.git
GoogleCloudDataproc/hadoop-connectors,3.3.4,"2023-02-18 05:21:51",git://github.com/GoogleCloudDataproc/hadoop-connectors.git
fangyuzhong2016/HadoopIntellijPlugin,3.0.0,"2022-08-11 21:15:14",git://github.com/fangyuzhong2016/HadoopIntellijPlugin.git
alexholmes/hadoop-book,0.20.2,"2020-02-11 03:34:45",git://github.com/alexholmes/hadoop-book.git
Esri/spatial-framework-for-hadoop,1.1.1,"2022-12-29 22:43:30",git://github.com/Esri/spatial-framework-for-hadoop.git
apache/hadoop-mapreduce,0.23.0,"2019-10-27 19:01:08",git://github.com/apache/hadoop-mapreduce.git
pentaho/pentaho-hadoop-shims,2.7.3,"2023-02-18 13:43:01",git://github.com/pentaho/pentaho-hadoop-shims.git
sakserv/hadoop-mini-clusters,2.7.3,"2023-01-02 22:05:14",git://github.com/sakserv/hadoop-mini-clusters.git
prestodb/presto,2.7.4,"2023-02-18 22:53:43",git://github.com/prestodb/presto.git
madiator/HadoopUSC,0.20.0,"2013-07-18 18:44:25",git://github.com/madiator/HadoopUSC.git
apache/ozone,2.7.3,"2023-02-19 06:32:42",git://github.com/apache/ozone.git
apache/hive,0.1.2,"2023-02-18 20:11:43",git://github.com/apache/hive.git
liumingmusic/HadoopLearning,2.7.3,"2022-10-04 23:46:45",git://github.com/liumingmusic/HadoopLearning.git
kovyrin/hbase,0.20.2,"2010-10-04 03:24:19",git://github.com/kovyrin/hbase.git
hopshadoop/hops,3.2.0,"2023-01-30 10:04:24",git://github.com/hopshadoop/hops.git
apache/calcite,2.7.5,"2023-02-18 10:45:16",git://github.com/apache/calcite.git
HadoopGenomics/Hadoop-BAM,2.9.0,"2022-12-02 22:21:52",git://github.com/HadoopGenomics/Hadoop-BAM.git
gluster/glusterfs-hadoop,2.3.0,"2022-04-12 21:53:57",git://github.com/gluster/glusterfs-hadoop.git
tencentyun/hadoop-cos,3.3.0,"2023-02-15 06:42:39",git://github.com/tencentyun/hadoop-cos.git
geftimov/hadoop-map-reduce-patterns,1.0.3,"2022-09-27 10:37:32",git://github.com/geftimov/hadoop-map-reduce-patterns.git
michal-harish/kafka-hadoop-loader,2.2.0,"2016-10-02 11:23:10",git://github.com/michal-harish/kafka-hadoop-loader.git
ritaliu2010/hadoop-hdfs,0.22.0,"2010-05-01 16:40:13",git://github.com/ritaliu2010/hadoop-hdfs.git
apache/tez,3.3.1,"2023-02-17 05:26:58",git://github.com/apache/tez.git
ritaliu2010/hadoop-mapreduce,0.22.0,"2010-05-04 15:50:12",git://github.com/ritaliu2010/hadoop-mapreduce.git
brndnmtthws/facebook-hive-udfs,3.1.3,"2022-11-08 02:24:27",git://github.com/brndnmtthws/facebook-hive-udfs.git
twitter/elephant-bird,1.1.2,"2023-01-14 18:32:20",git://github.com/twitter/elephant-bird.git
elastic/elasticsearch-hdfs,0.20.204,"2022-07-01 23:17:01",git://github.com/elastic/elasticsearch-hdfs.git
damiencarol/jsr203-hadoop,2.10.1,"2022-04-12 22:01:18",git://github.com/damiencarol/jsr203-hadoop.git
electrum/hadoop-snappy,0.0.1,"2015-06-18 13:10:50",git://github.com/electrum/hadoop-snappy.git
cotdp/com-cotdp-hadoop,0.20.205,"2012-07-05 21:51:13",git://github.com/cotdp/com-cotdp-hadoop.git
alexholmes/hadoop-utils,1.1.2,"2020-02-11 03:31:35",git://github.com/alexholmes/hadoop-utils.git
prestodb/presto-hadoop-apache2,2.7.4,"2023-02-03 17:05:50",git://github.com/prestodb/presto-hadoop-apache2.git
Netflix/iceberg,2.7.3,"2021-11-13 02:01:39",git://github.com/Netflix/iceberg.git
Teradata/kylo,2.6.2,"2023-01-12 08:25:19",git://github.com/Teradata/kylo.git
spotify/spydra,2.6.0,"2022-03-31 11:16:50",git://github.com/spotify/spydra.git
Alluxio/alluxio,2.3.13,"2023-02-19 03:51:51",git://github.com/Alluxio/alluxio.git
Conductor/kangaroo,2.2.0,"2016-06-27 23:03:05",git://github.com/Conductor/kangaroo.git
oeljeklaus-you/UserActionAnalyzePlatform,2.6.4,"2022-11-16 04:26:16",git://github.com/oeljeklaus-you/UserActionAnalyzePlatform.git
datasalt/pangool,0.20.2,"2022-06-27 16:13:01",git://github.com/datasalt/pangool.git
msgpack/msgpack-hadoop,0.20.2,"2011-05-18 02:27:17",git://github.com/msgpack/msgpack-hadoop.git
trinodb/trino-hadoop-apache,3.2.0,"2023-02-08 06:47:58",git://github.com/trinodb/trino-hadoop-apache.git
spring-attic/spring-hadoop-admin,1.0.0,"2022-04-04 18:02:56",git://github.com/spring-attic/spring-hadoop-admin.git
aerospike-community/aerospike-hadoop,2.7.2,"2022-04-12 21:55:00",git://github.com/aerospike-community/aerospike-hadoop.git
Azure/azure-documentdb-hadoop,2.5.1,"2017-04-18 17:12:08",git://github.com/Azure/azure-documentdb-hadoop.git
yhemanth/hadoop-training-samples,1.2.1,"2015-03-16 15:06:34",git://github.com/yhemanth/hadoop-training-samples.git
marcelmay/hfsa,3.3.4,"2022-12-16 11:39:42",git://github.com/marcelmay/hfsa.git
sonalgoyal/hiho,0.20.2,"2013-04-11 06:53:10",git://github.com/sonalgoyal/hiho.git
axes22/hadoop,0.20.0,"2009-06-09 00:20:32",git://github.com/axes22/hadoop.git
awslabs/emr-dynamodb-connector,3.3.3,"2023-02-17 02:16:02",git://github.com/awslabs/emr-dynamodb-connector.git
spring-attic/impala,1.0.3,"2022-04-04 17:46:26",git://github.com/spring-attic/impala.git
mooso/azure-tables-hadoop,2.2.0,"2014-10-20 19:03:21",git://github.com/mooso/azure-tables-hadoop.git
PacktPublishing/Mastering-Hadoop-3,2.7.3,"2023-01-30 08:13:17",git://github.com/PacktPublishing/Mastering-Hadoop-3.git
apache/drill,3.2.4,"2023-02-17 09:13:33",git://github.com/apache/drill.git
jaykelin/clickhouse-hdfs-loader,2.7.1,"2022-04-12 21:54:12",git://github.com/jaykelin/clickhouse-hdfs-loader.git
dstreev/hadoop-cli,3.1.1,"2022-11-11 09:52:18",git://github.com/dstreev/hadoop-cli.git
apache/carbondata,2.7.2,"2022-11-15 23:30:24",git://github.com/apache/carbondata.git
pentaho/big-data-plugin,9.5.0,"2023-02-18 13:43:01",git://github.com/pentaho/big-data-plugin.git
mvallebr/CSVInputFormat,2.10.1,"2022-04-12 22:00:52",git://github.com/mvallebr/CSVInputFormat.git
whale2/iow-hadoop-streaming,2.6.0,"2017-07-28 17:40:58",git://github.com/whale2/iow-hadoop-streaming.git
exasol/hadoop-etl-udfs,2.8.5,"2022-10-24 10:12:07",git://github.com/exasol/hadoop-etl-udfs.git
apache/kyuubi,3.3.4,"2023-02-19 04:43:14",git://github.com/apache/kyuubi.git
LinkedInAttic/Cubert,1.2.1,"2015-08-24 23:32:06",git://github.com/LinkedInAttic/Cubert.git
nielsbasjes/splittablegzip,3.3.4,"2023-02-16 12:50:45",git://github.com/nielsbasjes/splittablegzip.git
theofilis/hadoop-naive-bayes,0.20.2,"2018-05-17 07:59:16",git://github.com/theofilis/hadoop-naive-bayes.git
gchq/Gaffer,2.6.5,"2023-02-18 02:34:09",git://github.com/gchq/Gaffer.git
spotify/hdfs2cass,2.6.0,"2022-03-31 11:32:17",git://github.com/spotify/hdfs2cass.git
usc-cloud/hadoop-louvain-community,2.2.0,"2016-01-13 17:16:56",git://github.com/usc-cloud/hadoop-louvain-community.git
criteo/garmadon,2.6.0,"2022-10-24 14:58:56",git://github.com/criteo/garmadon.git
alexholmes/hiped2,2.2.0,"2014-09-10 15:30:24",git://github.com/alexholmes/hiped2.git
prestodb/presto-hadoop-cdh4,2.0.0,"2022-04-12 21:54:46",git://github.com/prestodb/presto-hadoop-cdh4.git
deeplearning4j/deeplearning4j,2.2.0,"2023-02-18 10:14:20",git://github.com/deeplearning4j/deeplearning4j.git
marciosilva/sqoop,0.22.0,"2010-04-15 18:54:08",git://github.com/marciosilva/sqoop.git
jaibeermalik/searchanalytics-bigdata,2.3.0,"2022-10-05 02:19:30",git://github.com/jaibeermalik/searchanalytics-bigdata.git
himanshug/druid-hadoop-utils,2.6.0,"2017-01-18 21:50:50",git://github.com/himanshug/druid-hadoop-utils.git
tinylcy/RecommendationEngine,1.2.1,"2018-03-14 03:51:00",git://github.com/tinylcy/RecommendationEngine.git
pierre/hfind,2.7.1,"2015-09-09 12:23:44",git://github.com/pierre/hfind.git
flipkart-incubator/BlueShift,2.6.0,"2022-12-06 00:05:05",git://github.com/flipkart-incubator/BlueShift.git
sriksun/Ivory,0.20.2,"2013-05-08 06:53:07",git://github.com/sriksun/Ivory.git
yongtang/hadoop-xz,2.6.0,"2019-03-25 10:41:58",git://github.com/yongtang/hadoop-xz.git
cubefs/shuttle,2.7.1,"2023-02-14 07:57:09",git://github.com/cubefs/shuttle.git
tspannhw/hive,2.7.1,"2018-11-24 17:05:59",git://github.com/tspannhw/hive.git
Esri/hadoop-for-geoevent,2.6.0,"2022-09-16 01:53:19",git://github.com/Esri/hadoop-for-geoevent.git
paypal/NNAnalytics,2.7.0,"2022-04-10 02:26:54",git://github.com/paypal/NNAnalytics.git
pravega/hadoop-connectors,3.3.0,"2021-11-18 01:41:54",git://github.com/pravega/hadoop-connectors.git
snowlift/trino-storage,3.2.0,"2023-02-13 08:01:22",git://github.com/snowlift/trino-storage.git
OpenSOC/opensoc-streaming,2.2.0,"2020-02-11 15:22:04",git://github.com/OpenSOC/opensoc-streaming.git
Smerity/cc-warc-examples,0.20.2,"2021-04-26 17:57:24",git://github.com/Smerity/cc-warc-examples.git
intel/graphbuilder,1.0.1,"2014-10-09 21:44:34",git://github.com/intel/graphbuilder.git
whamcloud/lustre-connector-for-hadoop,2.6.0,"2018-07-18 16:55:13",git://github.com/whamcloud/lustre-connector-for-hadoop.git
jpatanooga/KnittingBoar,2.0.0,"2013-01-30 19:54:42",git://github.com/jpatanooga/KnittingBoar.git
opensearch-project/opensearch-hadoop,3.1.2,"2023-02-17 21:08:24",git://github.com/opensearch-project/opensearch-hadoop.git
confluentinc/camus,2.5.0,"2022-03-29 18:12:51",git://github.com/confluentinc/camus.git
pcodding/hadoop_ctakes,2.2.0,"2014-02-11 15:50:14",git://github.com/pcodding/hadoop_ctakes.git
shopzilla/hadoop-in-a-box,0.20.2,"2013-05-23 01:57:29",git://github.com/shopzilla/hadoop-in-a-box.git
mozilla-metrics/akela,2.0.0,"2014-03-31 14:29:53",git://github.com/mozilla-metrics/akela.git
implydata/druid-hadoop-inputformat,2.7.1,"2016-10-26 14:57:15",git://github.com/implydata/druid-hadoop-inputformat.git
joshelser/dropwizard-hadoop-metrics2,2.6.0,"2016-08-06 20:51:11",git://github.com/joshelser/dropwizard-hadoop-metrics2.git
yahoo/hive-funnel-udf,1.2.1,"2019-01-04 18:40:23",git://github.com/yahoo/hive-funnel-udf.git
micmiu/bigdata-tutorial,2.5.2,"2016-03-09 18:33:28",git://github.com/micmiu/bigdata-tutorial.git
bbonnin/hadoop-mongodb,1.3.0,"2015-02-05 21:09:10",git://github.com/bbonnin/hadoop-mongodb.git
purecloudlabs/elasticsearch-lambda,2.2.0,"2023-01-12 18:41:28",git://github.com/purecloudlabs/elasticsearch-lambda.git
Knewton/KassandraMRHelper,2.4.0,"2016-04-21 21:22:04",git://github.com/Knewton/KassandraMRHelper.git
ldbc/ldbc_snb_datagen_hadoop,3.2.1,"2023-02-10 15:21:48",git://github.com/ldbc/ldbc_snb_datagen_hadoop.git
TritonDataCenter/hadoop-manta,2.8.1,"2017-11-10 16:14:03",git://github.com/TritonDataCenter/hadoop-manta.git
tencentyun/chdfs-hadoop-plugin,2.8.5,"2023-01-16 07:19:45",git://github.com/tencentyun/chdfs-hadoop-plugin.git
leonhong/hadoop-20-warehouse,0.20.0,"2010-12-02 00:12:19",git://github.com/leonhong/hadoop-20-warehouse.git
prestodb/presto-hadoop-apache1,1.2.1,"2019-03-27 22:25:14",git://github.com/prestodb/presto-hadoop-apache1.git
blackberry/hadoop-logdriver,2.0.0,"2013-08-01 19:51:27",git://github.com/blackberry/hadoop-logdriver.git
whamcloud/scheduling-connector-for-hadoop,2.7.0,"2018-07-18 16:55:24",git://github.com/whamcloud/scheduling-connector-for-hadoop.git
d2207197/inverted-index-hadoop,1.2.1,"2016-03-10 04:05:33",git://github.com/d2207197/inverted-index-hadoop.git
nielsbasjes/logparser,3.3.4,"2023-02-15 13:37:52",git://github.com/nielsbasjes/logparser.git
kanyun-inc/ytk-learn,2.5.0,"2022-07-06 20:05:50",git://github.com/kanyun-inc/ytk-learn.git
huahin/huahin-manager,2.0.3,"2014-04-05 08:51:18",git://github.com/huahin/huahin-manager.git
faustineinsun/MahoutHadoopUseCase,2.2.0,"2015-04-19 16:24:24",git://github.com/faustineinsun/MahoutHadoopUseCase.git
cloudera/ades,2.0.0,"2016-01-28 17:42:21",git://github.com/cloudera/ades.git
eason-lyx/carbondata-1,2.2.0,"2016-07-15 09:14:44",git://github.com/eason-lyx/carbondata-1.git
dbiir/paraflow,2.7.3,"2022-06-17 01:59:59",git://github.com/dbiir/paraflow.git
yeleaveszi/Play-Videos-In-HDFS,2.6.0,"2018-03-06 03:25:39",git://github.com/yeleaveszi/Play-Videos-In-HDFS.git
disq-bio/disq,3.2.1,"2022-12-16 18:19:19",git://github.com/disq-bio/disq.git
tmalaska/hadcom.utils,0.23.1,"2022-07-01 17:37:38",git://github.com/tmalaska/hadcom.utils.git
arnobroekhof/hadoop-metrics-influxdb,2.7.1,"2015-12-02 08:21:06",git://github.com/arnobroekhof/hadoop-metrics-influxdb.git
arp7/FsPerfTest,2.7.2,"2022-04-12 21:54:31",git://github.com/arp7/FsPerfTest.git
h2oai/h2o-3,2.8.4,"2023-02-19 09:11:28",git://github.com/h2oai/h2o-3.git
blrunner/yarn-beginners-examples,2.7.2,"2016-02-16 14:49:40",git://github.com/blrunner/yarn-beginners-examples.git
DTStack/Taier,2.7.3,"2023-02-17 09:22:07",git://github.com/DTStack/Taier.git
tspannhw/phoenix,2.7.1,"2022-11-16 09:31:51",git://github.com/tspannhw/phoenix.git
rossf7/wikireverse,0.20.2,"2018-08-12 17:54:29",git://github.com/rossf7/wikireverse.git
ExpediaGroup/datasqueeze,2.7.4,"2022-01-27 16:17:28",git://github.com/ExpediaGroup/datasqueeze.git
rbheemana/Cobol-to-Hive,2.7.3,"2019-02-23 14:11:33",git://github.com/rbheemana/Cobol-to-Hive.git
ThinkBigAnalytics/ThinkBig-Hadoop-Extensions,0.20.203,"2014-08-19 20:05:40",git://github.com/ThinkBigAnalytics/ThinkBig-Hadoop-Extensions.git
dianping/cosmos-hadoop,1.0.0,"2013-10-29 02:26:21",git://github.com/dianping/cosmos-hadoop.git
opencb/hpg-bigdata,2.7.3,"2018-04-13 10:34:21",git://github.com/opencb/hpg-bigdata.git
sholiday/rhino-titan-hadoop,2.0.0,"2014-03-24 03:58:49",git://github.com/sholiday/rhino-titan-hadoop.git
cerndb/hadoop-xrootd,3.3.0,"2022-08-11 21:14:44",git://github.com/cerndb/hadoop-xrootd.git
cubefs/cubefs-hadoop,2.7.7,"2022-11-11 08:58:00",git://github.com/cubefs/cubefs-hadoop.git
sequenceiq/periscope,2.4.1,"2016-01-25 08:27:09",git://github.com/sequenceiq/periscope.git
ExpediaGroup/corc,2.6.0,"2021-08-26 13:43:03",git://github.com/ExpediaGroup/corc.git
openpreserve/hawarp,2.0.2,"2016-08-29 15:05:20",git://github.com/openpreserve/hawarp.git
sh0tt/hadoop-source-reading,0.20.0,"2010-04-26 15:55:30",git://github.com/sh0tt/hadoop-source-reading.git
WeiWan5675/FlinkSupport,2.7.3,"2020-12-14 03:08:43",git://github.com/WeiWan5675/FlinkSupport.git
AbsaOSS/enceladus,3.3.4,"2023-02-17 15:50:15",git://github.com/AbsaOSS/enceladus.git
tomslabs/avro-utils,0.20.2,"2013-09-10 12:08:18",git://github.com/tomslabs/avro-utils.git
strapdata/elasticsearch-hadoop,1.0.4,"2017-10-30 08:06:09",git://github.com/strapdata/elasticsearch-hadoop.git
steveloughran/cloudstore,3.3.3,"2023-02-16 18:01:56",git://github.com/steveloughran/cloudstore.git
msukmanowsky/omniture-data-tools,2.6.0,"2019-05-14 13:06:34",git://github.com/msukmanowsky/omniture-data-tools.git
melrief/HFSP,1.1.2,"2014-11-11 00:32:22",git://github.com/melrief/HFSP.git
sivasamyk/graylog-plugin-output-webhdfs,2.7.0,"2017-07-14 02:40:27",git://github.com/sivasamyk/graylog-plugin-output-webhdfs.git
GoogleCloudDataproc/hive-bigquery-storage-handler,2.9.2,"2022-05-06 23:42:26",git://github.com/GoogleCloudDataproc/hive-bigquery-storage-handler.git
JDatta/TarFileSystem,2.3.0,"2017-04-23 04:20:18",git://github.com/JDatta/TarFileSystem.git
rossf7/elasticrawl-examples,0.20.2,"2016-02-05 21:26:02",git://github.com/rossf7/elasticrawl-examples.git
pierre/sweeper,0.20.2,"2012-01-12 03:56:09",git://github.com/pierre/sweeper.git
apache/fluo-yarn,2.6.5,"2022-05-21 09:50:57",git://github.com/apache/fluo-yarn.git
asdf2014/yuzhouwan,3.1.4,"2023-02-18 08:32:49",git://github.com/asdf2014/yuzhouwan.git
asakusafw/asakusafw,2.7.3,"2022-11-16 11:31:40",git://github.com/asakusafw/asakusafw.git
pjaromin/hadoop,0.20.2,"2014-04-13 20:04:48",git://github.com/pjaromin/hadoop.git
bkersbergen/hbase-kerberos-mapreduce-hadoop2,2.4.0,"2014-08-20 12:00:11",git://github.com/bkersbergen/hbase-kerberos-mapreduce-hadoop2.git
turn/camino,2.6.0,"2018-01-24 20:54:59",git://github.com/turn/camino.git
junneyang/xxhadoop,2.7.4,"2022-07-01 21:23:50",git://github.com/junneyang/xxhadoop.git
mmolimar/kafka-connect-fs,3.3.0,"2022-11-07 07:27:01",git://github.com/mmolimar/kafka-connect-fs.git
trenner/ahar,2.7.3,"2017-03-07 16:39:37",git://github.com/trenner/ahar.git
abaranau/hbase,0.20.3,"2017-05-18 14:57:32",git://github.com/abaranau/hbase.git
Hanmourang/hiped2,2.2.0,"2015-11-07 13:56:26",git://github.com/Hanmourang/hiped2.git
tideworks/arvo2parquet,3.1.0,"2022-08-11 21:15:10",git://github.com/tideworks/arvo2parquet.git
fengdis/yun,1.2.1,"2022-12-16 03:54:00",git://github.com/fengdis/yun.git
BertrandDechoux/cascading.plumber,1.0.4,"2013-02-26 09:08:14",git://github.com/BertrandDechoux/cascading.plumber.git
yahoojapan/yosegi-hadoop,2.7.3,"2022-11-15 23:49:36",git://github.com/yahoojapan/yosegi-hadoop.git
nvijayap/hadoop-yarn,2.2.0,"2014-01-02 02:53:44",git://github.com/nvijayap/hadoop-yarn.git
oliversavio/elasticsearch-with-hadoop-mr-lesson,3.2.1,"2020-07-25 15:24:04",git://github.com/oliversavio/elasticsearch-with-hadoop-mr-lesson.git
ekoontz/Giraph-old,0.20.203,"2011-06-29 19:05:39",git://github.com/ekoontz/Giraph-old.git
navxt6/SEARUM,0.23.10,"2014-11-26 16:19:04",git://github.com/navxt6/SEARUM.git
mraad/FSSpatialIndex,2.0.4,"2014-03-03 13:38:13",git://github.com/mraad/FSSpatialIndex.git
ottogroup/schedoscope,2.6.0,"2019-11-14 12:15:02",git://github.com/ottogroup/schedoscope.git
turn/DistCPPlus,2.6.0,"2016-04-13 20:53:32",git://github.com/turn/DistCPPlus.git
yurinnick/hadoop-video-ocr,2.6.0,"2015-03-17 11:57:23",git://github.com/yurinnick/hadoop-video-ocr.git
mraad/GeoEnrichment,2.0.0,"2013-09-12 16:19:12",git://github.com/mraad/GeoEnrichment.git
archivesunleashed/aut,2.7.4,"2022-11-17 01:52:08",git://github.com/archivesunleashed/aut.git
LennonChin/Hadoop-Source-Code-Analyze,1.0.0,"2018-11-30 02:24:55",git://github.com/LennonChin/Hadoop-Source-Code-Analyze.git
Draxent/ConnectedComponents,2.5.1,"2017-03-15 20:20:10",git://github.com/Draxent/ConnectedComponents.git
jinhuang/melody-join,2.0.0,"2016-03-09 08:17:44",git://github.com/jinhuang/melody-join.git
apache/incubator-wayang,3.1.2,"2023-02-13 14:53:57",git://github.com/apache/incubator-wayang.git
iplaypi/iplaypistudy,2.7.1,"2022-06-29 17:54:38",git://github.com/iplaypi/iplaypistudy.git
Project-ODE/hadoop-io-extensions,2.7.2,"2018-07-11 12:41:58",git://github.com/Project-ODE/hadoop-io-extensions.git
ch4mpy/hadoop2,2.6.0,"2015-03-06 18:15:37",git://github.com/ch4mpy/hadoop2.git
apache/ratis-hadoop-projects,3.3.1,"2022-11-07 15:00:40",git://github.com/apache/ratis-hadoop-projects.git
397090770/spark-2.2-for-hadoop-2.2,2.6.5,"2017-12-14 01:02:37",git://github.com/397090770/spark-2.2-for-hadoop-2.2.git
Larry3z/HadoopLogAnalysis,2.6.3,"2017-01-09 03:28:58",git://github.com/Larry3z/HadoopLogAnalysis.git
gmariotti/intro-big-data,2.7.3,"2017-05-30 14:45:31",git://github.com/gmariotti/intro-big-data.git
lichongxin/hbase-snapshot,0.20.3,"2017-05-18 15:28:57",git://github.com/lichongxin/hbase-snapshot.git
dataApps/chlorine-hadoop,2.7.0,"2016-04-22 18:59:38",git://github.com/dataApps/chlorine-hadoop.git
ericxsun/hadoopTools,2.6.0,"2019-05-20 07:41:34",git://github.com/ericxsun/hadoopTools.git
haodemon/HadoopStreaming,1.2.1,"2022-08-11 21:19:59",git://github.com/haodemon/HadoopStreaming.git
shopzilla/hadoop-integration-test-suite,0.20.2,"2012-10-13 00:04:50",git://github.com/shopzilla/hadoop-integration-test-suite.git
openaire/iis,2.6.0,"2023-02-16 13:00:20",git://github.com/openaire/iis.git
bbossgroups/bigdatas,2.7.3,"2023-01-17 14:57:21",git://github.com/bbossgroups/bigdatas.git
pfxuan/lustrefs,2.4.0,"2015-04-16 22:49:59",git://github.com/pfxuan/lustrefs.git
jolf/hadoopifications,2.7.3,"2019-02-21 10:07:54",git://github.com/jolf/hadoopifications.git
ngageoint/mrgeo,2.5.0,"2022-12-16 00:44:33",git://github.com/ngageoint/mrgeo.git
SkyInNight/USCHadoop,3.2.0,"2019-04-29 06:12:13",git://github.com/SkyInNight/USCHadoop.git
arrayMi/hadoop_learning,2.7.2,"2021-04-26 20:09:48",git://github.com/arrayMi/hadoop_learning.git
gballet/osmpbfinputformat,2.2.0,"2022-01-09 09:15:54",git://github.com/gballet/osmpbfinputformat.git
steveloughran/hadoop-mapreduce,0.23.0,"2011-09-18 18:11:53",git://github.com/steveloughran/hadoop-mapreduce.git
steveloughran/kdiag,2.6.3,"2016-03-03 11:32:07",git://github.com/steveloughran/kdiag.git
bl-dpt/chutney-hadoopwrapper,1.0.4,"2013-10-04 09:28:06",git://github.com/bl-dpt/chutney-hadoopwrapper.git
undera/jmeter-hadoop,1.1.2,"2021-11-23 07:12:52",git://github.com/undera/jmeter-hadoop.git
choyrim/assumerole-hadoop291,2.9.1,"2020-10-24 13:18:12",git://github.com/choyrim/assumerole-hadoop291.git
zillow/aws-custom-credential-provider,1.2.1,"2017-08-31 04:02:01",git://github.com/zillow/aws-custom-credential-provider.git
chaokunyang/bigdata-examples,2.6.5,"2018-08-23 04:08:18",git://github.com/chaokunyang/bigdata-examples.git
sunnywalden/es-hadoop-data-share,2.7.4,"2021-07-20 21:16:34",git://github.com/sunnywalden/es-hadoop-data-share.git
griddb/griddb_hadoop_mapreduce,2.6.0,"2022-12-26 01:35:16",git://github.com/griddb/griddb_hadoop_mapreduce.git
ukwa/hadoop-streaming-utils,0.20.2,"2018-10-15 12:10:32",git://github.com/ukwa/hadoop-streaming-utils.git
suryapsb/hadoop-in-depth,0.20.205,"2013-10-31 18:33:23",git://github.com/suryapsb/hadoop-in-depth.git
edofazza/PageRank-Hadoop,3.1.3,"2021-06-09 16:23:34",git://github.com/edofazza/PageRank-Hadoop.git
aespinosa/cloud-hadoop,3.2.0,"2020-10-26 14:13:52",git://github.com/aespinosa/cloud-hadoop.git
kPsarakis/Skyline-Query-Hadoop,2.7.3,"2017-06-14 17:23:37",git://github.com/kPsarakis/Skyline-Query-Hadoop.git
nanhu-lab/hadoop-ceph,3.1.4,"2022-08-04 06:06:34",git://github.com/nanhu-lab/hadoop-ceph.git
scxwhite/elasticsearch-hadoop-spark3.0,2.7.6,"2020-11-19 11:41:03",git://github.com/scxwhite/elasticsearch-hadoop-spark3.0.git
hunshenshi/hadoop-3.2.0-read,3.2.0,"2023-01-02 21:54:52",git://github.com/hunshenshi/hadoop-3.2.0-read.git
wrue/datastat,2.6.0,"2016-09-19 10:04:55",git://github.com/wrue/datastat.git
mraad/AISImport,2.0.0,"2014-03-02 13:27:34",git://github.com/mraad/AISImport.git
crazyboycjr/hadoop-wiki-index,1.2.1,"2016-12-25 14:10:02",git://github.com/crazyboycjr/hadoop-wiki-index.git
Sylrael/TpHadoopTfidf,2.9.0,"2018-03-08 14:34:11",git://github.com/Sylrael/TpHadoopTfidf.git
chocolate213/hive-jdbc-uber,2.6.0,"2022-09-16 09:17:31",git://github.com/chocolate213/hive-jdbc-uber.git
dryman/hadoop-fieldformat,2.0.0,"2014-03-21 18:25:26",git://github.com/dryman/hadoop-fieldformat.git
nucypher/hadoop-oss,3.0.0,"2017-06-08 00:37:49",git://github.com/nucypher/hadoop-oss.git
guptam/spark-dba,2.7.1,"2016-11-05 19:39:28",git://github.com/guptam/spark-dba.git
alexholmes/avro-sorting,1.1.2,"2013-06-02 05:21:55",git://github.com/alexholmes/avro-sorting.git
ganjianwei/hadoop_ekg,0.20.0,"2010-12-09 17:03:17",git://github.com/ganjianwei/hadoop_ekg.git
yasserglez/pagerank-hadoop,2.3.0,"2015-09-10 00:40:24",git://github.com/yasserglez/pagerank-hadoop.git
moutainhigh/ES-Fastloader,2.7.2,"2019-08-03 03:07:56",git://github.com/moutainhigh/ES-Fastloader.git
wang-xue-qiang/hadoop2.5.0-demo,2.5.0,"2022-11-04 22:49:50",git://github.com/wang-xue-qiang/hadoop2.5.0-demo.git
AlexP11223/HadoopMapReduceMatrixMult,2.9.0,"2018-06-02 11:11:48",git://github.com/AlexP11223/HadoopMapReduceMatrixMult.git
tebeka/zipstream,2.0.0,"2022-12-04 08:08:19",git://github.com/tebeka/zipstream.git
zurfyx/cassandra-hadoop-example,2.7.5,"2018-05-01 08:48:29",git://github.com/zurfyx/cassandra-hadoop-example.git
chaokunyang/athena,2.6.5,"2018-10-21 14:35:23",git://github.com/chaokunyang/athena.git
crazyn2/hadoop-zookeeper-hbase,3.2.1,"2021-02-04 04:35:01",git://github.com/crazyn2/hadoop-zookeeper-hbase.git
choosewhatulike/Chinese-Ngram-LM-Hadoop,2.6.4,"2018-12-28 10:32:17",git://github.com/choosewhatulike/Chinese-Ngram-LM-Hadoop.git
elek/apache-ozone-mirror,3.2.2,"2022-04-12 21:59:15",git://github.com/elek/apache-ozone-mirror.git
kmoulart/hadoop_mahout_utils,2.0.0,"2014-03-24 13:50:54",git://github.com/kmoulart/hadoop_mahout_utils.git
steveloughran/validate-hadoop-client-artifacts,3.3.5,"2023-01-18 13:19:24",git://github.com/steveloughran/validate-hadoop-client-artifacts.git
treeverse/hadoop-router-fs,2.9.2,"2022-07-05 07:26:43",git://github.com/treeverse/hadoop-router-fs.git
tmalaska/teraSort-Compressed,1.0.3,"2012-08-21 16:08:36",git://github.com/tmalaska/teraSort-Compressed.git
rkanter/ALFExploder,2.6.0,"2019-01-24 07:23:23",git://github.com/rkanter/ALFExploder.git
umbfer/fastdoop,2.7.0,"2022-04-12 21:54:50",git://github.com/umbfer/fastdoop.git
tmalaska/Flume.File.Loader,0.23.1,"2012-11-12 18:52:37",git://github.com/tmalaska/Flume.File.Loader.git
hazelcast/hazelcast-hadoop,2.7.2,"2016-03-16 13:00:46",git://github.com/hazelcast/hazelcast-hadoop.git
trinodb/trino,2.7.7,"2023-02-19 20:11:08",git://github.com/trinodb/trino.git
dimajix/flowman,3.3.2,"2023-02-09 09:33:44",git://github.com/dimajix/flowman.git
opendataio/cephfs-hadoop,2.8.5,"2021-05-18 07:41:54",git://github.com/opendataio/cephfs-hadoop.git
wgzhao/Addax,3.2.2,"2023-02-18 12:17:40",git://github.com/wgzhao/Addax.git
apache/flink,2.10.2,"2023-02-19 17:51:10",git://github.com/apache/flink.git
DTStack/chunjun,2.8.5,"2023-02-18 01:48:53",git://github.com/DTStack/chunjun.git
apache/flink-ml,2.10.1,"2023-02-19 09:41:32",git://github.com/apache/flink-ml.git
apache/zeppelin,2.7.7,"2023-02-17 16:10:01",git://github.com/apache/zeppelin.git
ispong/flink-acorn,3.2.4,"2023-02-17 07:48:56",git://github.com/ispong/flink-acorn.git
nielsbasjes/yauaa,3.3.4,"2023-02-19 22:24:19",git://github.com/nielsbasjes/yauaa.git
tj---/iceberg-demo,2.6.5,"2022-05-30 13:02:42",git://github.com/tj---/iceberg-demo.git
Chenzhiling/flink-submitter-api,3.2.2,"2022-11-24 03:21:04",git://github.com/Chenzhiling/flink-submitter-api.git
kailanyue/Flink-tutorial,3.3.0,"2021-11-14 05:57:33",git://github.com/kailanyue/Flink-tutorial.git
apache/spark,3.3.4,"2023-02-20 00:08:23",git://github.com/apache/spark.git
jgperrin/net.jgp.labs.spark,2.8.1,"2022-06-21 00:47:58",git://github.com/jgperrin/net.jgp.labs.spark.git
OryxProject/oryx,3.2.1,"2021-08-16 11:16:27",git://github.com/OryxProject/oryx.git
PacktPublishing/Apache-Spark-2x-for-Java-Developers,2.7.1,"2023-01-30 08:16:39",git://github.com/PacktPublishing/Apache-Spark-2x-for-Java-Developers.git
googleapis/java-pubsublite-spark,3.2.2,"2023-02-17 21:07:16",git://github.com/googleapis/java-pubsublite-spark.git
criteo/babar,2.6.5,"2018-09-07 16:26:54",git://github.com/criteo/babar.git
sev7e0/wow-spark,2.7.5,"2022-06-17 03:10:47",git://github.com/sev7e0/wow-spark.git
MemVerge/splash,2.7.4,"2022-04-12 21:55:29",git://github.com/MemVerge/splash.git
roczheng/SparkDemoJava,2.7.1,"2018-06-02 02:13:38",git://github.com/roczheng/SparkDemoJava.git
vefthym/MinoanER,2.7.3,"2020-11-18 14:35:48",git://github.com/vefthym/MinoanER.git
dafrenchyman/spark,2.6.5,"2019-03-04 06:33:54",git://github.com/dafrenchyman/spark.git
ispong/spark-star,3.2.4,"2023-01-11 06:38:32",git://github.com/ispong/spark-star.git
niftimus/SparkMMS,3.3.1,"2022-02-26 08:45:07",git://github.com/niftimus/SparkMMS.git
dwai1714/java11-spark3.3,2.8.1,"2022-08-04 16:25:26",git://github.com/dwai1714/java11-spark3.3.git
TecSachinGupta/SparkJavaExample,3.2.2,"2021-05-08 20:20:52",git://github.com/TecSachinGupta/SparkJavaExample.git
alahr/spark-java,2.7.5,"2022-06-17 02:03:09",git://github.com/alahr/spark-java.git
bigdatasys/java-spark-bigdata,3.3.0,"2020-11-27 21:45:15",git://github.com/bigdatasys/java-spark-bigdata.git
juliocnsouzadev/spark-java,3.2.1,"2021-11-28 19:50:49",git://github.com/juliocnsouzadev/spark-java.git
tmgstevens/SparkOnHBaseBulkLoadJava,2.6.0,"2018-08-24 13:10:51",git://github.com/tmgstevens/SparkOnHBaseBulkLoadJava.git
decisiongate/java-spark-bigdata-decision-support,3.3.0,"2020-10-16 19:16:03",git://github.com/decisiongate/java-spark-bigdata-decision-support.git
schezwansoftware/spark-cassandra-java-example,2.7.3,"2020-04-29 04:47:54",git://github.com/schezwansoftware/spark-cassandra-java-example.git
majewm/java-spark-bigdata,3.3.0,"2020-09-01 09:58:06",git://github.com/majewm/java-spark-bigdata.git
bernhardschaefer/spark-jms-receiver-java,1.6.0,"2017-01-08 05:08:40",git://github.com/bernhardschaefer/spark-jms-receiver-java.git
thbde/spark-examples-java,2.9.2,"2022-04-12 21:57:39",git://github.com/thbde/spark-examples-java.git
chgm1006/template-spark-app,2.7.2,"2017-02-20 11:11:19",git://github.com/chgm1006/template-spark-app.git
kamir/access-spark,2.6.0,"2016-09-17 09:38:13",git://github.com/kamir/access-spark.git
xfrzrcj/spark_streaming,2.6.0,"2018-04-25 09:09:58",git://github.com/xfrzrcj/spark_streaming.git
amwolff/HadoopMapReduceTest,3.0.0,"2022-08-11 21:16:57",git://github.com/amwolff/HadoopMapReduceTest.git
americanexpress/omnitransform,2.6.0,"2021-08-05 23:45:18",git://github.com/americanexpress/omnitransform.git
sudheera-94/distributed-DL-Java,2.7.4,"2020-12-28 16:22:09",git://github.com/sudheera-94/distributed-DL-Java.git
pranshu28/instacart,3.0.0,"2018-07-18 18:19:25",git://github.com/pranshu28/instacart.git
taboola/samplex,3.2.1,"2021-07-12 15:31:27",git://github.com/taboola/samplex.git
contactsunny/spring-spark-s3-file-read,2.8.4,"2018-05-30 10:09:20",git://github.com/contactsunny/spring-spark-s3-file-read.git
ajespoo/Deep-Learning-for-Java-Scala-Clojure-on-Hadoop-Spark-With-GPUs,2.2.0,"2018-05-23 18:28:42",git://github.com/ajespoo/Deep-Learning-for-Java-Scala-Clojure-on-Hadoop-Spark-With-GPUs.git
ChiragSoni95/StockEvaluator,2.7.3,"2019-04-24 23:41:29",git://github.com/ChiragSoni95/StockEvaluator.git
dianping/cat,2.4.1,"2022-12-16 01:49:03",git://github.com/dianping/cat.git
thinkaurelius/titan,1.2.1,"2022-10-19 07:57:00",git://github.com/thinkaurelius/titan.git
apache/logging-log4j2,1.2.1,"2023-02-18 17:28:00",git://github.com/apache/logging-log4j2.git
WeBankFinTech/Schedulis,2.7.2,"2022-12-07 09:59:05",git://github.com/WeBankFinTech/Schedulis.git
apache/incubator-samoa,2.6.0,"2020-02-25 00:02:44",git://github.com/apache/incubator-samoa.git
uber-archive/AthenaX,2.7.4,"2020-06-21 16:02:38",git://github.com/uber-archive/AthenaX.git
dain/snappy,0.20.2,"2017-03-06 23:20:48",git://github.com/dain/snappy.git
yahoo/FEL,0.23.8,"2021-02-12 20:52:38",git://github.com/yahoo/FEL.git
51nb/marble,2.7.3,"2022-06-25 03:41:49",git://github.com/51nb/marble.git
zrlio/crail,2.6.0,"2018-03-02 17:51:15",git://github.com/zrlio/crail.git
hortonworks/ambari-shell,2.4.1,"2016-12-11 07:52:03",git://github.com/hortonworks/ambari-shell.git
hortonworks/simple-yarn-app,2.2.0,"2015-12-03 05:15:52",git://github.com/hortonworks/simple-yarn-app.git
DTStack/flinkStreamSQL,2.7.3,"2022-11-23 22:27:27",git://github.com/DTStack/flinkStreamSQL.git
apache/accumulo,3.3.4,"2023-02-17 18:36:24",git://github.com/apache/accumulo.git
KylinOLAP/Kylin,2.6.0,"2022-10-05 02:48:50",git://github.com/KylinOLAP/Kylin.git
NiceSystems/hrider,2.7.1,"2017-04-04 12:18:01",git://github.com/NiceSystems/hrider.git
apache/storm,2.10.1,"2023-01-19 20:39:05",git://github.com/apache/storm.git
apache/ranger,3.3.0,"2023-02-17 22:10:18",git://github.com/apache/ranger.git
jrkinley-zz/storm-hbase,2.0.0,"2013-04-29 15:09:25",git://github.com/jrkinley-zz/storm-hbase.git
griddynamics/jagger,1.2.1,"2019-04-05 14:08:37",git://github.com/griddynamics/jagger.git
flink-extended/flink-remote-shuffle,2.8.5,"2023-01-06 05:50:02",git://github.com/flink-extended/flink-remote-shuffle.git
aaronshan/hive-third-functions,2.2.0,"2022-12-30 03:15:09",git://github.com/aaronshan/hive-third-functions.git
thinkaurelius/faunus,1.2.1,"2014-09-05 14:47:17",git://github.com/thinkaurelius/faunus.git
ExpediaGroup/waggle-dance,2.10.1,"2023-02-15 13:56:57",git://github.com/ExpediaGroup/waggle-dance.git
apache/incubator-atlas,2.7.1,"2022-11-04 22:45:20",git://github.com/apache/incubator-atlas.git
lucidworks/solr-scale-tk,2.6.0,"2019-03-19 20:13:32",git://github.com/lucidworks/solr-scale-tk.git
apache/incubator-nemo,2.7.2,"2023-02-02 23:21:29",git://github.com/apache/incubator-nemo.git
apache/hudi,2.10.1,"2023-02-20 02:32:46",git://github.com/apache/hudi.git
qubole/rubix,3.2.0,"2022-08-11 21:15:08",git://github.com/qubole/rubix.git
hortonworks/streamline,3.1.1,"2023-01-20 14:39:41",git://github.com/hortonworks/streamline.git
GraphChi/graphchi-java,0.20.2,"2021-10-25 17:14:55",git://github.com/GraphChi/graphchi-java.git
XiaoMi/themis,2.0.0,"2020-11-09 13:17:45",git://github.com/XiaoMi/themis.git
apache/phoenix,3.1.4,"2023-02-18 01:05:07",git://github.com/apache/phoenix.git
GoogleCloudPlatform/DataflowTemplates,2.10.2,"2023-02-18 19:24:49",git://github.com/GoogleCloudPlatform/DataflowTemplates.git
apache/systemds,3.3.4,"2023-02-18 18:53:44",git://github.com/apache/systemds.git
Netflix/Surus,1.0.3,"2018-01-17 18:56:26",git://github.com/Netflix/Surus.git
shunfei/indexr,2.5.2,"2022-11-16 05:23:54",git://github.com/shunfei/indexr.git
addthis/hydra,3.0.1,"2020-07-01 22:33:16",git://github.com/addthis/hydra.git
alibaba/wasp,1.0.4,"2017-04-17 00:27:42",git://github.com/alibaba/wasp.git
nexr/hive-udf,0.20.2,"2015-08-05 05:48:13",git://github.com/nexr/hive-udf.git
apache/samza-hello-samza,2.6.1,"2023-01-08 13:09:36",git://github.com/apache/samza-hello-samza.git
apache/bookkeeper,3.3.4,"2023-02-20 01:53:15",git://github.com/apache/bookkeeper.git
apache/incubator-crail,2.7.3,"2022-07-03 17:15:36",git://github.com/apache/incubator-crail.git
sigmoidanalytics/spork,1.0.4,"2015-03-23 10:08:03",git://github.com/sigmoidanalytics/spork.git
lumifyio/lumify,2.5.0,"2017-07-11 15:33:44",git://github.com/lumifyio/lumify.git
dremio/dremio-oss,3.3.2,"2023-02-11 00:27:11",git://github.com/dremio/dremio-oss.git
apache/inlong,2.10.2,"2023-02-20 04:34:36",git://github.com/apache/inlong.git
Intel-bigdata/SSM,2.7.3,"2023-01-03 22:55:02",git://github.com/Intel-bigdata/SSM.git
flumebase/flumebase,0.20.2,"2011-12-30 00:09:27",git://github.com/flumebase/flumebase.git
stratosphere/stratosphere,1.2.1,"2022-01-13 13:16:40",git://github.com/stratosphere/stratosphere.git
infochimps-labs/wonderdog,0.20.2,"2020-02-11 05:49:51",git://github.com/infochimps-labs/wonderdog.git
jzachr/goldenorb,0.20.2,"2022-06-29 19:34:09",git://github.com/jzachr/goldenorb.git
flink-extended/dl-on-flink,2.10.1,"2022-11-02 07:44:09",git://github.com/flink-extended/dl-on-flink.git
apache/incubator-tez,2.4.0,"2023-01-02 22:02:37",git://github.com/apache/incubator-tez.git
qcri/Arabesque,2.6.0,"2022-11-13 03:57:47",git://github.com/qcri/Arabesque.git
G-Research/siembol,3.3.4,"2023-02-08 12:35:05",git://github.com/G-Research/siembol.git
ptgoetz/storm-hdfs,2.2.0,"2017-07-21 00:51:58",git://github.com/ptgoetz/storm-hdfs.git
apache/kylin,2.10.2,"2023-02-15 03:15:41",git://github.com/apache/kylin.git
apache/mahout,2.10.0,"2023-02-17 18:06:22",git://github.com/apache/mahout.git
apache/sedona,3.2.4,"2023-02-19 13:33:32",git://github.com/apache/sedona.git
cloudera/flume,0.20.2,"2021-05-26 05:35:47",git://github.com/cloudera/flume.git
apache/gora,2.5.2,"2022-12-27 14:42:38",git://github.com/apache/gora.git
VCNC/haeinsa,0.22.0,"2017-02-28 07:05:09",git://github.com/VCNC/haeinsa.git
WeiYe-Jing/datax-web,2.7.3,"2022-12-28 07:10:07",git://github.com/WeiYe-Jing/datax-web.git
apache/pinot,2.10.1,"2023-02-20 03:56:42",git://github.com/apache/pinot.git
AdRoll/cantor,2.2.0,"2022-04-12 21:54:08",git://github.com/AdRoll/cantor.git
alexholmes/hdfs-file-slurper,2.2.0,"2020-02-11 03:31:52",git://github.com/alexholmes/hdfs-file-slurper.git
apache/incubator-uniffle,2.8.5,"2023-02-20 06:34:26",git://github.com/apache/incubator-uniffle.git
realXuJiang/bigtable-sql,2.4.0,"2015-09-29 06:23:34",git://github.com/realXuJiang/bigtable-sql.git
polardb/polardbx-sql,3.2.4,"2023-02-17 05:38:46",git://github.com/polardb/polardbx-sql.git
ververica/flink-sql-gateway,2.7.5,"2022-10-21 16:42:11",git://github.com/ververica/flink-sql-gateway.git
larsgeorge/hbase-book,2.7.2,"2022-10-04 23:48:12",git://github.com/larsgeorge/hbase-book.git
airlift/aircompressor,3.2.0,"2023-02-19 22:15:08",git://github.com/airlift/aircompressor.git
amazon-archives/dynamodb-janusgraph-storage-backend,2.2.0,"2021-08-30 17:36:09",git://github.com/amazon-archives/dynamodb-janusgraph-storage-backend.git
apache/giraph,1.2.1,"2022-10-04 23:41:15",git://github.com/apache/giraph.git
facebookarchive/linkbench,0.20.2,"2020-02-11 05:12:23",git://github.com/facebookarchive/linkbench.git
apache/activemq-artemis,3.3.1,"2023-02-20 03:31:02",git://github.com/apache/activemq-artemis.git
apache/metron,2.7.1,"2020-08-08 01:43:32",git://github.com/apache/metron.git
apache/hbase,3.2.4,"2023-02-19 10:06:28",git://github.com/apache/hbase.git
deepjavalibrary/djl,3.3.4,"2023-02-20 02:35:38",git://github.com/deepjavalibrary/djl.git
h2oai/h2o-2,0.20.2,"2022-08-08 21:43:24",git://github.com/h2oai/h2o-2.git
YahooArchive/samoa,2.2.0,"2016-03-28 02:53:13",git://github.com/YahooArchive/samoa.git
Qihoo360/Quicksql,2.7.5,"2022-10-25 23:52:06",git://github.com/Qihoo360/Quicksql.git
ICT-BDA/EasyML,2.2.0,"2022-06-20 23:59:35",git://github.com/ICT-BDA/EasyML.git
apache/hop,3.3.4,"2023-02-19 19:15:33",git://github.com/apache/hop.git
apache/incubator-hivemall,2.4.0,"2022-09-06 15:55:16",git://github.com/apache/incubator-hivemall.git
linkedin/ml-ease,1.2.1,"2020-02-11 13:59:13",git://github.com/linkedin/ml-ease.git
pravega/pravega,3.3.4,"2023-02-20 06:05:05",git://github.com/pravega/pravega.git
apache/tinkerpop,3.3.3,"2023-02-18 00:27:28",git://github.com/apache/tinkerpop.git
apache/iotdb,2.10.1,"2023-02-20 07:51:37",git://github.com/apache/iotdb.git
apache/linkis,2.7.2,"2023-02-20 07:45:39",git://github.com/apache/linkis.git
apache/apex-core,2.6.0,"2021-06-07 08:25:09",git://github.com/apache/apex-core.git
apache/eagle,2.6.0,"2020-08-22 17:39:43",git://github.com/apache/eagle.git
arx-deidentifier/arx,1.2.1,"2023-02-01 13:08:30",git://github.com/arx-deidentifier/arx.git
locationtech/geowave,3.1.2,"2022-10-04 23:29:53",git://github.com/locationtech/geowave.git
divolte/divolte-collector,3.2.1,"2021-08-16 02:50:40",git://github.com/divolte/divolte-collector.git
takidau/streamingbook,2.7.3,"2022-04-12 22:00:16",git://github.com/takidau/streamingbook.git
alibaba/jstorm,2.6.2,"2022-11-03 10:34:09",git://github.com/alibaba/jstorm.git
apache/flume,2.10.1,"2023-02-13 19:38:51",git://github.com/apache/flume.git
apache/activemq,1.2.1,"2023-02-19 07:12:51",git://github.com/apache/activemq.git
pinterest/secor,2.9.2,"2023-02-17 22:42:49",git://github.com/pinterest/secor.git
bytedance/bitsail,1.8.3,"2023-02-20 03:25:21",git://github.com/bytedance/bitsail.git
twitter-archive/ambrose,1.2.1,"2020-01-22 18:54:23",git://github.com/twitter-archive/ambrose.git
Huawei-Hadoop/hindex,0.0.1,"2017-05-18 15:25:10",git://github.com/Huawei-Hadoop/hindex.git
xuwujing/java-study,3.2.0,"2022-12-16 05:08:38",git://github.com/xuwujing/java-study.git
apache/oozie,2.6.0,"2023-02-03 08:53:49",git://github.com/apache/oozie.git
chubaostream/joyqueue,2.7.6,"2022-12-16 04:45:30",git://github.com/chubaostream/joyqueue.git
gridgentoo/NiFi-GenerateCode-GenerateFlow,2.7.1,"2019-02-20 18:06:50",git://github.com/gridgentoo/NiFi-GenerateCode-GenerateFlow.git
apache/asterixdb-hyracks,2.2.0,"2022-07-13 18:07:47",git://github.com/apache/asterixdb-hyracks.git
SuJingyu111/flink_simplified_cached,2.4.1,"2022-05-13 20:19:38",git://github.com/SuJingyu111/flink_simplified_cached.git
lucidworks/hadoop-solr,3.1.0,"2018-11-27 16:48:09",git://github.com/lucidworks/hadoop-solr.git
sdadas/fsbrowser,2.7.1,"2022-04-12 21:53:39",git://github.com/sdadas/fsbrowser.git
pahaz/twitter-hadoop-example,2.0.0,"2015-01-19 16:36:12",git://github.com/pahaz/twitter-hadoop-example.git
helgeho/HadoopWebGraph,2.5.0,"2017-04-04 08:11:12",git://github.com/helgeho/HadoopWebGraph.git
wihl/Timberwolf,0.20.203,"2012-04-06 15:47:29",git://github.com/wihl/Timberwolf.git
lihaogm/hadoop-analyse-log,2.6.0,"2018-09-01 09:46:21",git://github.com/lihaogm/hadoop-analyse-log.git
gbif/hadoop-compress,2.6.0,"2023-03-02 15:20:21",git://github.com/gbif/hadoop-compress.git
mameli/k-means-hadoop,2.7.3,"2017-03-07 19:14:12",git://github.com/mameli/k-means-hadoop.git
BGI-flexlab/SOAPgaea,3.0.0,"2022-12-02 22:22:09",git://github.com/BGI-flexlab/SOAPgaea.git
hordiales/hdfs-streaming,2.6.0,"2018-08-28 20:56:12",git://github.com/hordiales/hdfs-streaming.git
hidataplus/hadoop,3.3.4,"2023-02-22 13:51:44",git://github.com/hidataplus/hadoop.git
Hezepeng/Naive-Bayes-Classification,2.8.5,"2020-01-09 13:49:41",git://github.com/Hezepeng/Naive-Bayes-Classification.git
valcol/HadoopKMeansClustering,2.7.3,"2017-01-16 01:26:17",git://github.com/valcol/HadoopKMeansClustering.git
jchenTech/Hadoop-Naive-Bayes,2.8.5,"2020-12-12 06:31:15",git://github.com/jchenTech/Hadoop-Naive-Bayes.git
a0x8o/drill,3.2.2,"2022-12-06 00:43:20",git://github.com/a0x8o/drill.git
LiuzcEECS/hadoop-calvin,3.3.0,"2018-12-20 21:36:13",git://github.com/LiuzcEECS/hadoop-calvin.git
myui/hive-udf-backports,2.4.0,"2017-05-24 11:52:38",git://github.com/myui/hive-udf-backports.git
rjoberon/hadoop-tools,2.9.2,"2022-04-12 21:54:00",git://github.com/rjoberon/hadoop-tools.git
relaypro-open/legion,2.7.1,"2017-10-12 14:39:53",git://github.com/relaypro-open/legion.git
rhli/hadoop-EAR,0.20.0,"2015-08-20 01:03:04",git://github.com/rhli/hadoop-EAR.git
oleewere/hadoop-fluent,3.2.0,"2019-05-03 10:03:11",git://github.com/oleewere/hadoop-fluent.git
Noddy76/hadoop-tools,0.20.2,"2011-01-14 10:26:13",git://github.com/Noddy76/hadoop-tools.git
RiskIQ/solr-map-reduce,2.7.2,"2021-06-14 20:39:59",git://github.com/RiskIQ/solr-map-reduce.git
cwhelan/cloudbreak,0.20.2,"2014-02-05 20:50:18",git://github.com/cwhelan/cloudbreak.git
Higmin/bigdata,2.8.5,"2019-12-23 00:10:00",git://github.com/Higmin/bigdata.git
WillDignazio/hrfs,2.5.2,"2015-03-30 13:31:00",git://github.com/WillDignazio/hrfs.git
youli9056/dynamic-shuffle-mr,1.1.0,"2014-09-20 13:53:25",git://github.com/youli9056/dynamic-shuffle-mr.git
jchen123/hadoop-20-warehouse-fix,0.20.0,"2011-08-10 09:04:29",git://github.com/jchen123/hadoop-20-warehouse-fix.git
DhruvKumar/hadoop-mini-clusters,2.7.1,"2015-09-29 07:47:02",git://github.com/DhruvKumar/hadoop-mini-clusters.git
kazuki/hadoop-yarn-appmaster-bridge,2.7.2,"2016-02-17 08:16:42",git://github.com/kazuki/hadoop-yarn-appmaster-bridge.git
pahaz/wikipedia-hadoop-example,2.0.0,"2015-01-19 17:39:34",git://github.com/pahaz/wikipedia-hadoop-example.git
comdirect/hadoop-logfile-inputformat,2.6.0,"2017-09-27 15:21:18",git://github.com/comdirect/hadoop-logfile-inputformat.git
willddy/bigdata_pattern,0.20.2,"2013-08-26 00:38:58",git://github.com/willddy/bigdata_pattern.git
tguduru/hadoop,2.3.0,"2015-06-19 19:50:31",git://github.com/tguduru/hadoop.git
WeaponXiii/hadoop,2.7.2,"2018-04-22 09:47:16",git://github.com/WeaponXiii/hadoop.git
Yufeng760/hadoop,2.8.5,"2020-10-30 07:03:51",git://github.com/Yufeng760/hadoop.git
lucasaytt/hadoop,3.2.1,"2020-07-10 08:00:39",git://github.com/lucasaytt/hadoop.git
lolog/hadoop,2.6.5,"2018-05-29 09:44:58",git://github.com/lolog/hadoop.git
oliverhu/hadoop,3.3.0,"2019-04-22 22:28:40",git://github.com/oliverhu/hadoop.git
radubm1/Hadoop,1.2.1,"2020-12-20 11:18:30",git://github.com/radubm1/Hadoop.git
Rushi11111/hadoop,3.2.0,"2021-07-13 14:37:12",git://github.com/Rushi11111/hadoop.git
samq-ghdemo/hadoop,3.4.0,"2022-07-08 15:42:20",git://github.com/samq-ghdemo/hadoop.git
kPatch/Hadoop,2.7.1,"2015-12-20 08:57:06",git://github.com/kPatch/Hadoop.git
sowmya2506/hadoop1,3.4.0,"2022-02-12 12:11:24",git://github.com/sowmya2506/hadoop1.git
SATYAKRISHNAVINJAMURI/Hadoop,3.0.1,"2018-05-25 18:01:26",git://github.com/SATYAKRISHNAVINJAMURI/Hadoop.git
xiaohua9/hadoop,2.6.0,"2022-07-01 17:42:32",git://github.com/xiaohua9/hadoop.git
atgmello/HadoopExample,2.7.2,"2016-06-29 04:18:05",git://github.com/atgmello/HadoopExample.git
Whisky2017/HadoopDemo,2.7.3,"2017-05-09 13:40:39",git://github.com/Whisky2017/HadoopDemo.git
FaxianZhao/HadoopMisc,2.7.2,"2018-06-12 08:59:29",git://github.com/FaxianZhao/HadoopMisc.git
rakesh0991/hadoop,0.20.2,"2016-12-18 09:02:24",git://github.com/rakesh0991/hadoop.git
liao999/HadoopExp,2.7.3,"2022-04-12 21:57:45",git://github.com/liao999/HadoopExp.git
manmao/hadoop,3.3.1,"2021-08-14 11:30:32",git://github.com/manmao/hadoop.git
Yangxuhao123/hadoop,3.3.4,"2023-03-04 08:20:21",git://github.com/Yangxuhao123/hadoop.git
Ahmed-Azri/hadoop,1.1.0,"2014-06-12 18:08:29",git://github.com/Ahmed-Azri/hadoop.git
chengxj/hadoop,2.7.5,"2018-01-04 03:20:17",git://github.com/chengxj/hadoop.git
dmgerman/hadoop,3.3.0,"2020-01-31 18:29:52",git://github.com/dmgerman/hadoop.git
bigdata-cjx/Hadoop,2.6.0,"2021-08-08 08:14:30",git://github.com/bigdata-cjx/Hadoop.git
hcw18561247932/hadoop,3.4.0,"2022-09-01 10:36:54",git://github.com/hcw18561247932/hadoop.git
jrnz/hadoop,1.0.0,"2013-05-28 10:36:40",git://github.com/jrnz/hadoop.git
carllongj/HadoopUtils,2.6.0,"2019-04-13 11:05:32",git://github.com/carllongj/HadoopUtils.git
Jakehub33/HadoopExp,2.7.3,"2022-04-12 21:59:07",git://github.com/Jakehub33/HadoopExp.git
cuent/HadoopExamples,2.6.4,"2016-05-30 01:09:15",git://github.com/cuent/HadoopExamples.git
jing2017feng/hadoopDemo,3.0.3,"2019-01-09 08:33:02",git://github.com/jing2017feng/hadoopDemo.git
goelankur/HadoopIlluminated,0.20.205,"2013-01-27 14:36:45",git://github.com/goelankur/HadoopIlluminated.git
buildupchao/HadoopLearning,2.7.3,"2019-03-12 03:48:37",git://github.com/buildupchao/HadoopLearning.git
abulbasar/HadoopMRExamples,3.3.1,"2022-03-11 20:31:00",git://github.com/abulbasar/HadoopMRExamples.git
lebronjames/HadoopHello,2.7.3,"2017-12-15 06:20:26",git://github.com/lebronjames/HadoopHello.git
gugxl/hadoopTest,2.7.3,"2022-10-05 18:22:33",git://github.com/gugxl/hadoopTest.git
bzzbzz7/HadoopLearn,2.6.0,"2018-08-13 03:26:37",git://github.com/bzzbzz7/HadoopLearn.git
FancyKings/hadoopCode,3.1.3,"2022-08-11 21:16:46",git://github.com/FancyKings/hadoopCode.git
archive-j/HadoopCommons,1.2.1,"2014-02-08 12:28:22",git://github.com/archive-j/HadoopCommons.git
13828607548/HadoopExp,2.7.3,"2019-10-15 17:20:54",git://github.com/13828607548/HadoopExp.git
LorenzoAlvarez/HadoopFacade,2.7.2,"2018-12-08 17:09:13",git://github.com/LorenzoAlvarez/HadoopFacade.git
Yordan92/HadoopEclat,1.2.1,"2018-08-23 22:30:58",git://github.com/Yordan92/HadoopEclat.git
ddfamou/hadoop,3.2.1,"2021-07-02 09:42:34",git://github.com/ddfamou/hadoop.git
mzanthem/HadoopTest,2.6.0,"2017-04-07 11:33:13",git://github.com/mzanthem/HadoopTest.git
maurizioterreni/HadoopProject,2.6.4,"2017-01-27 21:40:32",git://github.com/maurizioterreni/HadoopProject.git
kiat/hadoopTemplate,3.3.1,"2022-02-16 06:48:58",git://github.com/kiat/hadoopTemplate.git
JBossBC/hadoopExperiment,3.3.2,"2022-12-29 10:17:19",git://github.com/JBossBC/hadoopExperiment.git
kannasp1805/hadoop,3.3.0,"2019-01-20 06:36:51",git://github.com/kannasp1805/hadoop.git
Puchengh/hadoop,2.8.5,"2019-04-28 13:39:41",git://github.com/Puchengh/hadoop.git
Aliezexia/Hadoop,3.2.0,"2019-03-25 09:57:33",git://github.com/Aliezexia/Hadoop.git
xie5263934/hadoop,2.8.5,"2019-04-11 10:19:21",git://github.com/xie5263934/hadoop.git
KevinZeng233/hadoop,2.6.0,"2022-07-01 17:43:22",git://github.com/KevinZeng233/hadoop.git
jacktomcat/hadoop,2.6.2,"2016-12-14 06:45:03",git://github.com/jacktomcat/hadoop.git
rdhawan27/hadoop,1.0.0,"2021-09-12 22:24:29",git://github.com/rdhawan27/hadoop.git
saurabhacellere/hadoop,3.3.0,"2021-08-13 15:34:39",git://github.com/saurabhacellere/hadoop.git
Tyrant-Rex/hadoop,3.2.1,"2020-10-09 08:35:13",git://github.com/Tyrant-Rex/hadoop.git
zlikun-hadoop/hadoop,2.7.5,"2018-03-03 08:08:57",git://github.com/zlikun-hadoop/hadoop.git
zhougithui/hadoop,2.6.5,"2018-04-05 07:49:59",git://github.com/zhougithui/hadoop.git
huahin/huahin-core,1.0.4,"2013-03-04 04:07:27",git://github.com/huahin/huahin-core.git
dperaltac/bigdata-fingerprint,2.6.0,"2016-06-28 16:40:00",git://github.com/dperaltac/bigdata-fingerprint.git
norvigaward/warcexamples,2.4.0,"2014-06-23 07:08:50",git://github.com/norvigaward/warcexamples.git
pijushcse/Hadoop2.6,1.2.1,"2018-09-16 05:02:01",git://github.com/pijushcse/Hadoop2.6.git
statfs/reading-hadoop3,3.0.0,"2022-08-11 21:15:24",git://github.com/statfs/reading-hadoop3.git
huapro/HadoopSourceCodeLearn,3.2.0,"2019-03-20 02:27:18",git://github.com/huapro/HadoopSourceCodeLearn.git
hoppinghippo/HadoopMapReduce,1.0.0,"2015-12-08 19:09:28",git://github.com/hoppinghippo/HadoopMapReduce.git
chanming2015/HadoopMapReduceTest,2.5.2,"2017-10-26 08:46:25",git://github.com/chanming2015/HadoopMapReduceTest.git
wadkars/hadoop2_ctakes,3.0.0,"2022-08-11 21:16:21",git://github.com/wadkars/hadoop2_ctakes.git
gridgentoo/HadoopGoldenGate,2.6.0,"2019-03-12 19:52:48",git://github.com/gridgentoo/HadoopGoldenGate.git
mondok/HadoopExcelMapper,2.6.0,"2015-03-03 18:54:50",git://github.com/mondok/HadoopExcelMapper.git
kornel-schrenk/HadoopDevOnWin,3.2.1,"2020-06-22 08:49:56",git://github.com/kornel-schrenk/HadoopDevOnWin.git
csitedexperts/HadoopWordCount,3.0.1,"2018-11-19 21:01:15",git://github.com/csitedexperts/HadoopWordCount.git
jsnavarroa/hadoop3-java-example,3.1.1,"2018-11-30 01:06:36",git://github.com/jsnavarroa/hadoop3-java-example.git
kumarsumit1/hadoopRampUP,2.7.2,"2016-06-23 21:35:26",git://github.com/kumarsumit1/hadoopRampUP.git
chenkels/hadoopZipTool,0.20.205,"2016-06-24 11:12:59",git://github.com/chenkels/hadoopZipTool.git
CapitanAndrea/HadoopPageRank,1.2.1,"2017-07-10 13:47:06",git://github.com/CapitanAndrea/HadoopPageRank.git
st4ck/HadoopWarcCompressor,1.2.1,"2018-05-15 07:46:23",git://github.com/st4ck/HadoopWarcCompressor.git
WonderBo/HadoopLearningDemo,2.7.6,"2022-11-04 22:48:54",git://github.com/WonderBo/HadoopLearningDemo.git
abhimanyu1990/HadoopFileOperations,3.2.1,"2020-09-30 09:33:43",git://github.com/abhimanyu1990/HadoopFileOperations.git
cloudbeatsch/HadoopXmlExtractor,2.5.1,"2015-05-16 11:29:05",git://github.com/cloudbeatsch/HadoopXmlExtractor.git
SumathiReddy/HadoopQuickStarter,2.6.0,"2022-07-15 20:52:30",git://github.com/SumathiReddy/HadoopQuickStarter.git
choyrim/sparkhacks-hadoop291,2.9.1,"2020-11-02 17:04:57",git://github.com/choyrim/sparkhacks-hadoop291.git
ulmon/hadoop1.2.1,1.2.1,"2014-05-09 02:37:38",git://github.com/ulmon/hadoop1.2.1.git
duyvk/HadoopInPracticeCode,0.20.2,"2012-01-17 00:05:55",git://github.com/duyvk/HadoopInPracticeCode.git
lightnine/hadoop4-demo,2.10.0,"2020-08-29 15:25:59",git://github.com/lightnine/hadoop4-demo.git
fizzxue/hadoop-first,2.6.0,"2019-02-24 15:20:59",git://github.com/fizzxue/hadoop-first.git
xushjie1987/es-hadoop-v2.2.0,1.0.4,"2016-04-08 09:14:19",git://github.com/xushjie1987/es-hadoop-v2.2.0.git
PureSolTechnologies/DuctileDB,2.7.2,"2018-01-03 21:24:38",git://github.com/PureSolTechnologies/DuctileDB.git
kpensec/Formation_Hadoop_TF-IDF,2.9.0,"2018-03-07 16:56:54",git://github.com/kpensec/Formation_Hadoop_TF-IDF.git
adrian-wang/project-panthera-skin,0.20.2,"2014-11-07 02:40:03",git://github.com/adrian-wang/project-panthera-skin.git
d0x/nchadoop,2.0.0,"2014-08-29 08:00:35",git://github.com/d0x/nchadoop.git
hoodielib/hoodie,2.6.0,"2017-06-28 21:56:43",git://github.com/hoodielib/hoodie.git
probos-pbs/probos,2.6.0,"2022-07-06 20:06:21",git://github.com/probos-pbs/probos.git
xhf463202865/kylin-2.6.x-hadoop3.1,3.1.0,"2022-12-16 08:45:37",git://github.com/xhf463202865/kylin-2.6.x-hadoop3.1.git
wzhuo918/StaticBalance_HadoopSource_noConf,1.1.0,"2014-06-30 04:00:53",git://github.com/wzhuo918/StaticBalance_HadoopSource_noConf.git
gss2002/hadoopgetgroups,2.7.2,"2018-11-21 07:10:42",git://github.com/gss2002/hadoopgetgroups.git
herbertdon/hadooptest,2.6.4,"2016-06-12 09:55:51",git://github.com/herbertdon/hadooptest.git
reymont/hadoopdemo,2.9.1,"2022-04-12 21:54:50",git://github.com/reymont/hadoopdemo.git
him-bhar/hadoopdemo,1.1.2,"2017-07-15 17:19:46",git://github.com/him-bhar/hadoopdemo.git
wikibook/hadoopinpractice,0.20.2,"2013-10-25 07:23:12",git://github.com/wikibook/hadoopinpractice.git
willp-bl/hadoopinputstats,2.0.0,"2014-01-13 09:47:38",git://github.com/willp-bl/hadoopinputstats.git
hackty/hadooptools,2.6.0,"2022-05-25 06:34:30",git://github.com/hackty/hadooptools.git
rayjim/hadoopinprac,0.20.2,"2013-03-16 18:15:05",git://github.com/rayjim/hadoopinprac.git
luzhuomi/hadoopstarter,2.2.0,"2014-07-23 05:46:32",git://github.com/luzhuomi/hadoopstarter.git
MHuiG/hadooptest,2.6.0,"2022-02-09 22:31:53",git://github.com/MHuiG/hadooptest.git
blackberry/BB-BigData-Log-Tools,2.4.0,"2014-12-19 20:04:49",git://github.com/blackberry/BB-BigData-Log-Tools.git
zoopaper/hadoop-sample,2.2.0,"2015-09-11 08:55:02",git://github.com/zoopaper/hadoop-sample.git
Sherlock-7FF15/Word-Count,2.7.7,"2022-02-09 04:34:40",git://github.com/Sherlock-7FF15/Word-Count.git
chenl0517/myHadoop,2.7.1,"2018-04-25 02:25:29",git://github.com/chenl0517/myHadoop.git
strategist922/brisk-hadoop-common,0.20.203,"2011-08-08 16:34:39",git://github.com/strategist922/brisk-hadoop-common.git
cesarcneto/hadoop-codebase,2.5.1,"2014-11-22 20:22:01",git://github.com/cesarcneto/hadoop-codebase.git
andy8788/hadoop-hdfs,0.20.205,"2012-07-05 09:43:55",git://github.com/andy8788/hadoop-hdfs.git
imamchishty/hadoop-start,2.6.0,"2015-07-29 15:12:11",git://github.com/imamchishty/hadoop-start.git
wu-boy/hadoop-common,2.6.3,"2018-06-01 03:23:20",git://github.com/wu-boy/hadoop-common.git
gorski/training-hadoop,2.8.1,"2017-10-26 21:34:23",git://github.com/gorski/training-hadoop.git
AsherBond/glusterfs-hadoop,2.0.5,"2013-10-03 08:30:50",git://github.com/AsherBond/glusterfs-hadoop.git
steveloughran/cloudup,2.8.2,"2017-12-12 20:55:26",git://github.com/steveloughran/cloudup.git
leonhong/hadoop-common,0.20.0,"2010-08-17 00:14:40",git://github.com/leonhong/hadoop-common.git
trozamon/hadoop-qa,2.5.0,"2015-06-08 13:13:40",git://github.com/trozamon/hadoop-qa.git
yinianmengtian/hadoop-snappy,0.0.1,"2015-10-28 04:18:21",git://github.com/yinianmengtian/hadoop-snappy.git
garyHuang/hadoop-snappy,0.0.1,"2016-11-03 14:40:37",git://github.com/garyHuang/hadoop-snappy.git
Noddy76/hadoop-tar,2.2.0,"2019-01-16 14:53:14",git://github.com/Noddy76/hadoop-tar.git
xushjie1987/hadoop-libs,2.7.3,"2017-09-09 13:48:11",git://github.com/xushjie1987/hadoop-libs.git
slbai/hadoop-learn,2.7.2,"2018-06-04 10:13:12",git://github.com/slbai/hadoop-learn.git
nagendra547/Hadoop-World,1.2.1,"2020-10-13 15:37:49",git://github.com/nagendra547/Hadoop-World.git
luyuni/db_hadoop,2.7.4,"2021-01-23 15:59:51",git://github.com/luyuni/db_hadoop.git
scfial/hadoop-snappy,0.0.1,"2015-12-01 01:45:20",git://github.com/scfial/hadoop-snappy.git
XiaoChangyu/hadoop-snappy,0.0.1,"2016-03-07 06:26:03",git://github.com/XiaoChangyu/hadoop-snappy.git
techtraits/hadoop-wordcount,1.2.1,"2014-07-07 15:55:45",git://github.com/techtraits/hadoop-wordcount.git
kevinlu1987/hadoop-mc,1.1.0,"2013-07-22 11:14:51",git://github.com/kevinlu1987/hadoop-mc.git
overcode/hadoop-common,0.20.0,"2010-07-20 20:55:44",git://github.com/overcode/hadoop-common.git
nikolapopo/hadoop-book,0.20.2,"2017-06-18 22:30:19",git://github.com/nikolapopo/hadoop-book.git
elek/hadoop-btrace,2.7.3,"2017-02-26 21:31:21",git://github.com/elek/hadoop-btrace.git
zerenef/hadoop-wordcount,3.2.0,"2019-05-07 10:27:18",git://github.com/zerenef/hadoop-wordcount.git
nidichaoge/hadoop-learning,3.3.0,"2022-07-03 03:29:09",git://github.com/nidichaoge/hadoop-learning.git
zhaobj/MyHadoop,1.0.0,"2012-08-15 14:43:37",git://github.com/zhaobj/MyHadoop.git
jcustenborder/hadoop-goldengate,2.6.0,"2015-05-27 23:58:21",git://github.com/jcustenborder/hadoop-goldengate.git
pradeepiisc/hadoop-snappy,0.0.1,"2015-11-24 07:06:05",git://github.com/pradeepiisc/hadoop-snappy.git
yddgit/hello-hadoop,2.7.3,"2022-04-12 21:54:20",git://github.com/yddgit/hello-hadoop.git
Yefu1985/learn_hadoop,2.0.0,"2017-03-12 00:35:10",git://github.com/Yefu1985/learn_hadoop.git
submergerock/avatar-hadoop,0.20.0,"2014-04-24 06:20:28",git://github.com/submergerock/avatar-hadoop.git
hakeemsm/hadoop-ball,2.2.0,"2015-09-27 18:17:17",git://github.com/hakeemsm/hadoop-ball.git
ajespoo/elasticsearch-hadoop,2.7.1,"2018-03-20 07:58:47",git://github.com/ajespoo/elasticsearch-hadoop.git
Donaldhan/hadoop-demo,2.7.1,"2022-04-12 21:55:24",git://github.com/Donaldhan/hadoop-demo.git
nuoyahadili8/teradata-hadoop,2.7.0,"2019-03-04 06:17:53",git://github.com/nuoyahadili8/teradata-hadoop.git
EdgarLiu2/java_hadoop,3.3.4,"2022-09-17 16:48:10",git://github.com/EdgarLiu2/java_hadoop.git
jnorris/hadoop-common,0.20.0,"2010-04-05 22:46:51",git://github.com/jnorris/hadoop-common.git
mdodsworth/hadoop-common,0.20.0,"2010-07-20 20:55:44",git://github.com/mdodsworth/hadoop-common.git
habernal/hadoop-playground,2.2.0,"2015-05-04 11:35:53",git://github.com/habernal/hadoop-playground.git
victoryWang/hadoop-snappy,0.0.1,"2015-11-04 07:54:50",git://github.com/victoryWang/hadoop-snappy.git
p-mathur/hadoop-snappy,0.0.1,"2016-04-19 07:53:45",git://github.com/p-mathur/hadoop-snappy.git
znipps/hadoop-snappy,0.0.1,"2016-02-02 02:39:08",git://github.com/znipps/hadoop-snappy.git
tesseract2048/hadoop-brotli,2.6.0,"2015-10-15 09:51:17",git://github.com/tesseract2048/hadoop-brotli.git
stupaq/hadoop-relational,1.2.1,"2014-05-01 14:58:29",git://github.com/stupaq/hadoop-relational.git
sandeepdeshmukh/hadoop-fundamentals,2.7.2,"2017-01-07 17:55:11",git://github.com/sandeepdeshmukh/hadoop-fundamentals.git
coding-chenkaikai/hadoop-guide,2.9.2,"2022-04-12 21:56:42",git://github.com/coding-chenkaikai/hadoop-guide.git
AtomTickets/elasticsearch-hadoop,2.7.1,"2019-10-25 20:27:04",git://github.com/AtomTickets/elasticsearch-hadoop.git
Zhengtianqi/hadoop-learn,3.2.1,"2020-01-31 18:31:07",git://github.com/Zhengtianqi/hadoop-learn.git
xunpengliu/hello-hadoop,2.5.1,"2023-02-08 07:57:54",git://github.com/xunpengliu/hello-hadoop.git
data-tsunami/hello-hadoop,1.2.1,"2013-09-15 15:20:57",git://github.com/data-tsunami/hello-hadoop.git
liyinhgqw/hadoop-1,1.0.0,"2012-10-24 18:20:42",git://github.com/liyinhgqw/hadoop-1.git
iboneyard/hadoop-test,1.2.1,"2017-06-14 04:25:49",git://github.com/iboneyard/hadoop-test.git
dzzxjl/HaHadoop,2.6.1,"2017-09-08 08:50:08",git://github.com/dzzxjl/HaHadoop.git
Rarioty/KMeansHadoop,2.7.3,"2017-01-15 14:26:46",git://github.com/Rarioty/KMeansHadoop.git
willpdp/hadoop-tfidf,2.9.0,"2017-11-18 23:30:31",git://github.com/willpdp/hadoop-tfidf.git
zhannngchen/hadoop-private,3.3.0,"2019-07-04 23:39:29",git://github.com/zhannngchen/hadoop-private.git
SwordfallYeung/hadoop-source,3.3.1,"2021-08-09 10:52:50",git://github.com/SwordfallYeung/hadoop-source.git
rohankumardubey/hadoop-cos,3.3.0,"2022-04-20 10:36:37",git://github.com/rohankumardubey/hadoop-cos.git
aajisaka/hadoop-tools,3.0.0,"2016-12-05 20:23:54",git://github.com/aajisaka/hadoop-tools.git
stupaq/hadoop-triangles,2.2.0,"2014-05-01 14:59:19",git://github.com/stupaq/hadoop-triangles.git
zhangsxnaive/Hadoop_Learning,2.9.2,"2022-06-29 19:43:14",git://github.com/zhangsxnaive/Hadoop_Learning.git
houzhizhen/hadoop-utils,3.2.3,"2022-12-15 07:46:43",git://github.com/houzhizhen/hadoop-utils.git
huangjianqin/kin-hadoop,2.6.4,"2022-03-30 13:14:56",git://github.com/huangjianqin/kin-hadoop.git
genspire/hadoop-common,0.20.0,"2010-08-17 00:14:40",git://github.com/genspire/hadoop-common.git
wk335681777/hadoop-snappy,0.0.1,"2015-08-02 02:33:18",git://github.com/wk335681777/hadoop-snappy.git
wty717/hadoop-snappy,0.0.1,"2015-07-08 04:16:18",git://github.com/wty717/hadoop-snappy.git
jvmwu/hadoop-snappy,0.0.1,"2015-10-28 06:46:07",git://github.com/jvmwu/hadoop-snappy.git
premkumar31189/hadoop-snappy,0.0.1,"2015-04-22 10:05:38",git://github.com/premkumar31189/hadoop-snappy.git
gsoundar/hadoop-bench,2.7.0,"2015-07-23 18:00:36",git://github.com/gsoundar/hadoop-bench.git
f-arruza/wikipedia-hadoop,2.3.0,"2017-10-21 06:15:41",git://github.com/f-arruza/wikipedia-hadoop.git
passionorange/hadoop-block,3.0.0,"2018-07-21 15:27:25",git://github.com/passionorange/hadoop-block.git
cdarlint/hadoop-unittest,3.0.0,"2021-11-03 11:53:13",git://github.com/cdarlint/hadoop-unittest.git
70Song/Hadoop-Song,3.2.1,"2023-01-02 21:55:08",git://github.com/70Song/Hadoop-Song.git
zhangbc/hadoop-demo,2.6.0,"2022-04-12 21:57:13",git://github.com/zhangbc/hadoop-demo.git
tts2/hadoop-snappy,0.0.1,"2015-11-16 05:13:29",git://github.com/tts2/hadoop-snappy.git
ezbake/ezbakehelpers-hadooputils,2.0.0,"2014-11-19 20:54:41",git://github.com/ezbake/ezbakehelpers-hadooputils.git
totemtang/hadoop-RHJoin,0.20.0,"2014-04-10 13:59:33",git://github.com/totemtang/hadoop-RHJoin.git
Atindriya-Ghosh/hadoop-lab,1.2.1,"2013-09-01 16:33:08",git://github.com/Atindriya-Ghosh/hadoop-lab.git
doctor-fate/hadoop-examples,2.7.4,"2017-12-05 19:14:33",git://github.com/doctor-fate/hadoop-examples.git
alex-d-bondarev/learn-hadoop,2.7.3,"2022-04-12 21:55:14",git://github.com/alex-d-bondarev/learn-hadoop.git
rectcircle/hadoop-experiment,2.6.5,"2019-04-24 16:13:58",git://github.com/rectcircle/hadoop-experiment.git
Sloth9527/hadoop-demo,2.10.1,"2021-02-23 16:58:07",git://github.com/Sloth9527/hadoop-demo.git
dbaspider/hadoop_java,3.3.2,"2023-01-03 12:24:46",git://github.com/dbaspider/hadoop_java.git
kingbobo/hadoop-snappy,0.0.1,"2015-05-30 03:34:52",git://github.com/kingbobo/hadoop-snappy.git
