provectus/kafka-ui,3.3.1,"2023-03-18 23:51:10",git://github.com/provectus/kafka-ui.git
pinterest/secor,2.3.1,"2023-03-18 18:53:44",git://github.com/pinterest/secor.git
strimzi/strimzi-kafka-operator,3.4.0,"2023-03-20 03:27:58",git://github.com/strimzi/strimzi-kafka-operator.git
spring-cloud/spring-cloud-stream-binder-kafka,3.0.0,"2022-11-04 18:07:01",git://github.com/spring-cloud/spring-cloud-stream-binder-kafka.git
HomeAdvisor/Kafdrop,0.8.2,"2021-07-02 09:31:26",git://github.com/HomeAdvisor/Kafdrop.git
dibbhatt/kafka-spark-consumer,1.1.0,"2022-02-26 15:07:39",git://github.com/dibbhatt/kafka-spark-consumer.git
danielwegener/logback-kafka-appender,2.1.1,"2022-05-27 06:53:02",git://github.com/danielwegener/logback-kafka-appender.git
tchiotludo/akhq,3.4.0,"2023-03-18 22:16:05",git://github.com/tchiotludo/akhq.git
uber-archive/chaperone,0.9.0,"2021-01-20 23:05:56",git://github.com/uber-archive/chaperone.git
uber/uReplicator,1.1.1,"2023-03-19 22:58:21",git://github.com/uber/uReplicator.git
pinterest/DoctorK,1.1.0,"2021-12-15 14:54:32",git://github.com/pinterest/DoctorK.git
simplesteph/kafka-connect-github-source,3.3.2,"2023-01-23 17:27:36",git://github.com/simplesteph/kafka-connect-github-source.git
erdemcer/kafka-connect-oracle,0.10.2,"2021-01-15 11:26:35",git://github.com/erdemcer/kafka-connect-oracle.git
hiddenzzh/kafka_book_demo,2.0.0,"2022-05-20 20:55:21",git://github.com/hiddenzzh/kafka_book_demo.git
mapr-demos/kafka-sample-programs,0.9.0,"2022-11-16 09:27:51",git://github.com/mapr-demos/kafka-sample-programs.git
reachkrishnaraj/kafka-elasticsearch-standalone-consumer,0.8.2,"2022-06-29 19:27:35",git://github.com/reachkrishnaraj/kafka-elasticsearch-standalone-consumer.git
wurstmeister/storm-kafka-0.8-plus,0.8.0,"2015-05-18 18:06:20",git://github.com/wurstmeister/storm-kafka-0.8-plus.git
smallnest/kafka-example-in-scala,0.10.1,"2017-01-12 10:29:33",git://github.com/smallnest/kafka-example-in-scala.git
streamnative/kop,2.8.0,"2023-03-18 09:28:57",git://github.com/streamnative/kop.git
strimzi/strimzi-kafka-bridge,3.4.0,"2023-03-19 16:07:02",git://github.com/strimzi/strimzi-kafka-bridge.git
fhussonnois/kafkastreams-cep,2.3.1,"2022-05-20 21:13:36",git://github.com/fhussonnois/kafkastreams-cep.git
mmolimar/kafka-connect-fs,2.7.0,"2022-11-07 07:27:01",git://github.com/mmolimar/kafka-connect-fs.git
NetherlandsForensicInstitute/kafka-spout,0.11.0,"2021-01-08 09:01:55",git://github.com/NetherlandsForensicInstitute/kafka-spout.git
awslabs/kinesis-kafka-connector,2.8.0,"2023-03-17 17:51:14",git://github.com/awslabs/kinesis-kafka-connector.git
Comcast/MirrorTool-for-Kafka-Connect,2.0.0,"2020-11-30 06:18:09",git://github.com/Comcast/MirrorTool-for-Kafka-Connect.git
damienclaveau/kafka-graphite,2.6.2,"2021-10-07 17:55:21",git://github.com/damienclaveau/kafka-graphite.git
llofberg/kafka-connect-rest,2.2.1,"2022-11-16 09:23:09",git://github.com/llofberg/kafka-connect-rest.git
shunfei/DCMonitor,0.8.2,"2015-11-09 03:45:00",git://github.com/shunfei/DCMonitor.git
streamthoughts/kafka-connect-file-pulse,3.4.0,"2023-03-16 14:57:33",git://github.com/streamthoughts/kafka-connect-file-pulse.git
opentracing-contrib/java-kafka-client,2.6.0,"2022-11-23 14:42:02",git://github.com/opentracing-contrib/java-kafka-client.git
strimzi/strimzi-kafka-oauth,3.3.1,"2023-03-10 19:42:52",git://github.com/strimzi/strimzi-kafka-oauth.git
vert-x3/vertx-kafka-client,3.0.2,"2023-03-18 21:21:22",git://github.com/vert-x3/vertx-kafka-client.git
hpgrahsl/kafka-connect-mongodb,2.4.0,"2022-11-15 23:52:17",git://github.com/hpgrahsl/kafka-connect-mongodb.git
charithe/kafka-junit,3.2.1,"2022-08-24 11:24:40",git://github.com/charithe/kafka-junit.git
oslabs-beta/Kafka-Sprout,2.5.0,"2022-01-05 08:59:14",git://github.com/oslabs-beta/Kafka-Sprout.git
joshlong-attic/spring-and-kafka,0.8.1,"2017-03-10 18:00:50",git://github.com/joshlong-attic/spring-and-kafka.git
mravi/kafka-connect-hbase,0.9.0,"2020-10-27 12:00:28",git://github.com/mravi/kafka-connect-hbase.git
elodina/dropwizard-kafka-http,0.8.2,"2015-02-12 22:13:43",git://github.com/elodina/dropwizard-kafka-http.git
couchbase/kafka-connect-couchbase,2.5.0,"2023-02-21 23:18:44",git://github.com/couchbase/kafka-connect-couchbase.git
OryxProject/oryx,2.3.1,"2021-08-16 11:16:27",git://github.com/OryxProject/oryx.git
linxin26/kafka-monitor,0.10.0,"2022-07-01 21:23:49",git://github.com/linxin26/kafka-monitor.git
VenuMeda/kafka-connect-cdc-mssql,0.0.1,"2018-09-21 11:47:07",git://github.com/VenuMeda/kafka-connect-cdc-mssql.git
castorm/kafka-connect-http,3.0.0,"2023-03-10 04:58:56",git://github.com/castorm/kafka-connect-http.git
endgameinc/elasticsearch-river-kafka,0.7.2,"2013-06-19 13:42:28",git://github.com/endgameinc/elasticsearch-river-kafka.git
qubole/streamx,0.10.1,"2019-04-04 11:17:24",git://github.com/qubole/streamx.git
michal-harish/kafka-hadoop-loader,0.9.0,"2016-10-02 11:23:10",git://github.com/michal-harish/kafka-hadoop-loader.git
microsoft/Availability-Monitor-for-Kafka,0.8.1,"2022-11-28 19:13:34",git://github.com/microsoft/Availability-Monitor-for-Kafka.git
amient/kafka-metrics,2.0.0,"2018-11-06 22:59:16",git://github.com/amient/kafka-metrics.git
childe/hangout,0.9.0,"2022-10-30 11:44:21",git://github.com/childe/hangout.git
gwenshap/kafka-streams-wordcount,2.8.0,"2021-05-28 20:21:33",git://github.com/gwenshap/kafka-streams-wordcount.git
qidasheng/storm-kafka-xlog,0.8.1,"2014-12-03 07:04:33",git://github.com/qidasheng/storm-kafka-xlog.git
shikhar/kafka-connect-dynamodb,0.10.1,"2020-10-13 07:16:01",git://github.com/shikhar/kafka-connect-dynamodb.git
microsoft/kafka-connect-cosmosdb,2.8.1,"2023-03-18 01:20:54",git://github.com/microsoft/kafka-connect-cosmosdb.git
zalando/nakadi,3.3.2,"2023-03-17 16:11:04",git://github.com/zalando/nakadi.git
SnuK87/keycloak-kafka,3.3.1,"2023-03-12 21:57:56",git://github.com/SnuK87/keycloak-kafka.git
smallnest/spring-kafka-demo,1.0.0,"2014-11-19 09:19:40",git://github.com/smallnest/spring-kafka-demo.git
blackberry/Krackle,0.9.0,"2016-08-10 16:30:40",git://github.com/blackberry/Krackle.git
hengyunabc/metrics-kafka,0.8.2,"2017-12-15 00:12:39",git://github.com/hengyunabc/metrics-kafka.git
AxonFramework/extension-kafka,3.4.0,"2023-03-14 15:57:06",git://github.com/AxonFramework/extension-kafka.git
HiveKa/HiveKa,0.8.2,"2014-11-13 04:32:08",git://github.com/HiveKa/HiveKa.git
Nordstrom/kafka-connect-sqs,3.3.2,"2023-02-19 14:55:53",git://github.com/Nordstrom/kafka-connect-sqs.git
cerner/common-kafka,3.2.0,"2023-02-16 19:23:32",git://github.com/cerner/common-kafka.git
xxd763795151/kafka-exporter,2.8.0,"2023-03-01 01:28:21",git://github.com/xxd763795151/kafka-exporter.git
rayokota/kafka-graphs,3.3.1,"2023-03-06 05:57:14",git://github.com/rayokota/kafka-graphs.git
wurstmeister/storm-kafka-0.8-plus-test,0.8.1,"2018-03-02 17:50:56",git://github.com/wurstmeister/storm-kafka-0.8-plus-test.git
ppatierno/formula1-telemetry-kafka,3.0.0,"2022-10-09 14:12:33",git://github.com/ppatierno/formula1-telemetry-kafka.git
kaiwaehner/tensorflow-serving-java-grpc-kafka-streams,2.2.0,"2022-10-04 23:42:50",git://github.com/kaiwaehner/tensorflow-serving-java-grpc-kafka-streams.git
siddhi-io/siddhi-io-kafka,0.10.0,"2023-03-13 15:29:19",git://github.com/siddhi-io/siddhi-io-kafka.git
SiftScience/kafka-assigner,0.10.0,"2020-10-12 20:47:51",git://github.com/SiftScience/kafka-assigner.git
Conductor/kangaroo,0.7.2,"2016-06-27 23:03:05",git://github.com/Conductor/kangaroo.git
GoogleCloudPlatform/kafka-pubsub-emulator,1.0.0,"2023-01-09 21:38:17",git://github.com/GoogleCloudPlatform/kafka-pubsub-emulator.git
scylladb/kafka-connect-scylladb,0.11.1,"2023-03-16 19:11:51",git://github.com/scylladb/kafka-connect-scylladb.git
smallrye/smallrye-reactive-messaging,3.4.0,"2023-03-19 17:27:59",git://github.com/smallrye/smallrye-reactive-messaging.git
ameyamk/spark-streaming-direct-kafka,0.8.1,"2016-09-14 00:17:49",git://github.com/ameyamk/spark-streaming-direct-kafka.git
thomaskwscott/kafka-connect-http,5.3.1,"2022-07-07 21:17:14",git://github.com/thomaskwscott/kafka-connect-http.git
jcustenborder/kafka-connect-transform-xml,0.0.1,"2022-07-26 12:45:05",git://github.com/jcustenborder/kafka-connect-transform-xml.git
Kafka-In-Action-Book/Kafka-In-Action-Source-Code,2.7.1,"2023-01-23 04:05:22",git://github.com/Kafka-In-Action-Book/Kafka-In-Action-Source-Code.git
OpenTSDB/opentsdb-rpc-kafka,0.8.1,"2021-07-30 03:13:38",git://github.com/OpenTSDB/opentsdb-rpc-kafka.git
Azure/kafka-sink-azure-kusto,3.4.0,"2023-03-16 07:00:53",git://github.com/Azure/kafka-sink-azure-kusto.git
arnobroekhof/kafka-http-metrics-reporter,0.10.2,"2017-07-25 22:55:40",git://github.com/arnobroekhof/kafka-http-metrics-reporter.git
mguenther/kafka-junit,3.3.1,"2022-12-22 07:36:14",git://github.com/mguenther/kafka-junit.git
bakdata/kafka-key-value-store,2.0.0,"2018-12-08 15:13:26",git://github.com/bakdata/kafka-key-value-store.git
paypal/couchbasekafka,0.8.1,"2015-02-17 18:44:03",git://github.com/paypal/couchbasekafka.git
isharac/kafkameter,0.8.0,"2014-07-17 22:00:08",git://github.com/isharac/kafkameter.git
frankyaorenjie/flume-ng-kafka-source,0.7.2,"2015-04-09 05:20:43",git://github.com/frankyaorenjie/flume-ng-kafka-source.git
pavankjadda/KafkaStream-CQRS-EventSourcing,2.1.0,"2022-05-27 02:15:20",git://github.com/pavankjadda/KafkaStream-CQRS-EventSourcing.git
ogibayashi/kafka-topic-exporter,0.9.0,"2022-11-16 09:00:19",git://github.com/ogibayashi/kafka-topic-exporter.git
trustpilot/kafka-connect-dynamodb,2.1.1,"2023-03-03 13:24:02",git://github.com/trustpilot/kafka-connect-dynamodb.git
frankyaorenjie/flume-ng-kafka-sink,0.7.2,"2022-06-29 19:33:58",git://github.com/frankyaorenjie/flume-ng-kafka-sink.git
fhussonnois/kafka-influxdb-reporter,0.10.0,"2018-11-09 22:14:06",git://github.com/fhussonnois/kafka-influxdb-reporter.git
bakdata/fluent-kafka-streams-tests,3.3.1,"2023-01-04 08:57:30",git://github.com/bakdata/fluent-kafka-streams-tests.git
Sdaas/karate-kafka,2.8.1,"2022-10-19 06:08:58",git://github.com/Sdaas/karate-kafka.git
mravi/hbase-connect-kafka,0.9.0,"2016-05-03 19:22:31",git://github.com/mravi/hbase-connect-kafka.git
getindata/kafka-connect-iceberg-sink,3.2.2,"2023-03-17 20:59:04",git://github.com/getindata/kafka-connect-iceberg-sink.git
rayokota/kcache,3.4.0,"2023-03-14 15:23:39",git://github.com/rayokota/kcache.git
jeqo/talk-kafka-zipkin,2.8.0,"2021-08-24 20:50:27",git://github.com/jeqo/talk-kafka-zipkin.git
contactsunny/SimpleKafkaExampleSpringBoot,0.11.0,"2018-11-22 06:46:37",git://github.com/contactsunny/SimpleKafkaExampleSpringBoot.git
davidcampos/kafka-spark-flink-example,1.1.0,"2018-11-01 14:26:47",git://github.com/davidcampos/kafka-spark-flink-example.git
ayortanli/kafka-with-springboot,2.6.6,"2021-03-16 13:08:14",git://github.com/ayortanli/kafka-with-springboot.git
RTBHOUSE/kafka-workers,2.4.1,"2022-09-14 15:59:39",git://github.com/RTBHOUSE/kafka-workers.git
openzipkin-contrib/brave-kafka-interceptor,2.7.0,"2022-08-12 13:20:07",git://github.com/openzipkin-contrib/brave-kafka-interceptor.git
yangruochen/kafka-common,2.3.0,"2022-06-21 00:46:49",git://github.com/yangruochen/kafka-common.git
xushiyan/kafka-connect-datagen,1.1.0,"2022-05-20 20:45:33",git://github.com/xushiyan/kafka-connect-datagen.git
brunobatista25/automation_kafka,2.8.0,"2022-06-03 14:59:31",git://github.com/brunobatista25/automation_kafka.git
university-of-auckland/kafka-http-sink-connector,2.2.0,"2022-09-26 09:53:48",git://github.com/university-of-auckland/kafka-http-sink-connector.git
streamnative/pulsar-io-kafka,2.3.0,"2023-03-17 16:24:40",git://github.com/streamnative/pulsar-io-kafka.git
Aegeaner/kafka-connector-redis,0.11.0,"2022-11-16 01:51:02",git://github.com/Aegeaner/kafka-connector-redis.git
QuickSign/kafka-encryption,2.1.0,"2022-01-26 20:06:32",git://github.com/QuickSign/kafka-encryption.git
ebi-wp/kafka-streams-api-websockets,1.2.2,"2017-10-20 14:27:06",git://github.com/ebi-wp/kafka-streams-api-websockets.git
SimpleFinance/kafka-dropwizard-reporter,0.9.0,"2022-10-28 04:41:42",git://github.com/SimpleFinance/kafka-dropwizard-reporter.git
goudai/spring-boot-starter-kafka,2.2.0,"2022-11-15 23:47:06",git://github.com/goudai/spring-boot-starter-kafka.git
dajudge/kafkaproxy,3.4.0,"2023-03-15 23:00:22",git://github.com/dajudge/kafkaproxy.git
nielsutrecht/kafka-serializer-example,0.9.0,"2016-03-10 13:37:29",git://github.com/nielsutrecht/kafka-serializer-example.git
confluentinc/parallel-consumer,3.3.0,"2023-03-10 16:56:30",git://github.com/confluentinc/parallel-consumer.git
llofberg/kafka-connect-aws-lambda,2.0.1,"2022-11-16 02:45:03",git://github.com/llofberg/kafka-connect-aws-lambda.git
huangyueranbbc/KafkaDemo,0.11.0,"2022-06-20 23:02:03",git://github.com/huangyueranbbc/KafkaDemo.git
jcustenborder/connect-utils,2.8.0,"2023-01-06 16:56:36",git://github.com/jcustenborder/connect-utils.git
laymain/kafka-tool-avro,2.0.7,"2022-11-16 12:37:20",git://github.com/laymain/kafka-tool-avro.git
qindongliang/log_to_kafka,2.0.2,"2018-10-25 05:45:34",git://github.com/qindongliang/log_to_kafka.git
Nordstrom/kafka-connect-lambda,2.8.1,"2022-10-19 11:44:04",git://github.com/Nordstrom/kafka-connect-lambda.git
chickling/kmanager,0.10.2,"2018-11-24 01:53:47",git://github.com/chickling/kmanager.git
yaravind/kafka-connect-jenkins,0.10.0,"2022-11-15 23:30:31",git://github.com/yaravind/kafka-connect-jenkins.git
dropwizard/dropwizard-kafka,3.4.0,"2023-03-15 10:10:52",git://github.com/dropwizard/dropwizard-kafka.git
wso2-extensions/esb-connector-kafka,2.3.0,"2023-03-07 08:51:53",git://github.com/wso2-extensions/esb-connector-kafka.git
wso2-extensions/esb-inbound-kafka,3.3.1,"2022-11-17 11:13:20",git://github.com/wso2-extensions/esb-inbound-kafka.git
ibm-messaging/kafka-connect-jdbc-sink,2.3.1,"2022-11-23 22:27:29",git://github.com/ibm-messaging/kafka-connect-jdbc-sink.git
openzipkin-contrib/zipkin-storage-kafka,2.7.0,"2022-01-10 16:06:59",git://github.com/openzipkin-contrib/zipkin-storage-kafka.git
berndruecker/kafka-camunda-spring-simple,2.9.2,"2023-03-06 08:10:49",git://github.com/berndruecker/kafka-camunda-spring-simple.git
realXuJiang/storm-kafka-examples,0.8.2,"2016-11-28 02:02:28",git://github.com/realXuJiang/storm-kafka-examples.git
GSLabDev/pepper-box,0.9.0,"2021-10-05 10:02:31",git://github.com/GSLabDev/pepper-box.git
ipa-digitools/simple-kafka-mqtt-connector,2.8.1,"2023-02-10 03:18:09",git://github.com/ipa-digitools/simple-kafka-mqtt-connector.git
jairsjunior/kafka-oauth,2.0.0,"2019-11-08 12:31:18",git://github.com/jairsjunior/kafka-oauth.git
lepfhty/kafka-connect-redshift,0.9.0,"2019-01-16 12:57:38",git://github.com/lepfhty/kafka-connect-redshift.git
SINTEF-9012/kafka-mqtt-source-connector,2.4.0,"2021-12-14 20:48:34",git://github.com/SINTEF-9012/kafka-mqtt-source-connector.git
yugabyte/yb-kafka-connector,0.10.1,"2022-09-13 18:57:22",git://github.com/yugabyte/yb-kafka-connector.git
fhussonnois/kafka-examples,1.1.0,"2018-10-25 21:34:26",git://github.com/fhussonnois/kafka-examples.git
hengyunabc/kafka-zabbix,0.8.1,"2016-01-21 11:13:29",git://github.com/hengyunabc/kafka-zabbix.git
salyh/kafka-end-2-end-encryption,0.8.2,"2022-03-02 18:58:42",git://github.com/salyh/kafka-end-2-end-encryption.git
matt-mangia/kafka-admin,2.5.0,"2021-12-09 16:02:17",git://github.com/matt-mangia/kafka-admin.git
sahabpardaz/kafka-parquet-writer,2.7.2,"2022-10-15 07:38:10",git://github.com/sahabpardaz/kafka-parquet-writer.git
jeqo/post-kafka-rewind-consumer-offset,0.10.1,"2022-07-01 21:24:36",git://github.com/jeqo/post-kafka-rewind-consumer-offset.git
domwood/kiwi-kafka,2.6.0,"2023-03-15 08:17:29",git://github.com/domwood/kiwi-kafka.git
riferrei/prioritization-kafka,2.6.0,"2020-09-10 17:05:18",git://github.com/riferrei/prioritization-kafka.git
farmdawgnation/registryless-avro-converter,2.5.0,"2020-07-07 02:58:15",git://github.com/farmdawgnation/registryless-avro-converter.git
yunnet/kafkaEagle,0.10.2,"2018-04-18 03:03:59",git://github.com/yunnet/kafkaEagle.git
vmware-archive/kafka-service-broker,0.10.1,"2020-11-12 16:16:32",git://github.com/vmware-archive/kafka-service-broker.git
myfitnesspal/kafka-statsd-reporter,0.8.2,"2021-10-08 04:40:27",git://github.com/myfitnesspal/kafka-statsd-reporter.git
opencore/kafka-spark-avro-example,0.8.2,"2016-08-17 12:11:49",git://github.com/opencore/kafka-spark-avro-example.git
flipkart-incubator/kafka-balancer,0.10.0,"2017-06-21 06:15:51",git://github.com/flipkart-incubator/kafka-balancer.git
OneCricketeer/schema-registry-transfer-smt,2.1.0,"2023-01-17 22:15:36",git://github.com/OneCricketeer/schema-registry-transfer-smt.git
bakdata/kafka-large-message-serde,3.3.1,"2023-01-05 14:48:50",git://github.com/bakdata/kafka-large-message-serde.git
nbuesing/kafka-streams-dashboards,3.0.0,"2022-08-02 13:00:46",git://github.com/nbuesing/kafka-streams-dashboards.git
ibm-messaging/kafka-connect-rabbitmq-source,2.4.0,"2022-05-23 07:08:23",git://github.com/ibm-messaging/kafka-connect-rabbitmq-source.git
BarisDere/kafka-egitimi,2.4.1,"2020-05-18 07:27:07",git://github.com/BarisDere/kafka-egitimi.git
googleapis/java-pubsublite-kafka,3.4.0,"2023-03-16 19:33:46",git://github.com/googleapis/java-pubsublite-kafka.git
DarkPhoenixs/message-queue-client-framework,1.0.0,"2023-02-07 06:41:09",git://github.com/DarkPhoenixs/message-queue-client-framework.git
apache/flink-connector-kafka,3.2.3,"2023-03-18 09:55:01",git://github.com/apache/flink-connector-kafka.git
medmes/twitterStreamingSparkKafkaDemo,2.1.7,"2019-11-27 19:16:04",git://github.com/medmes/twitterStreamingSparkKafkaDemo.git
rueedlinger/kafka-connect-quickstart,3.0.0,"2021-12-30 21:39:37",git://github.com/rueedlinger/kafka-connect-quickstart.git
wso2-attic/module-kafka,2.0.0,"2019-12-03 05:31:40",git://github.com/wso2-attic/module-kafka.git
krux/kafka-metrics-reporter,0.8.1,"2022-02-11 22:44:54",git://github.com/krux/kafka-metrics-reporter.git
pinterest/singer,2.3.1,"2023-03-18 19:45:52",git://github.com/pinterest/singer.git
XMeterSaaSService/kafka_jmeter,0.8.1,"2019-02-21 04:37:00",git://github.com/XMeterSaaSService/kafka_jmeter.git
RedHatInsights/expandjsonsmt,2.0.0,"2021-03-18 16:16:19",git://github.com/RedHatInsights/expandjsonsmt.git
contactsunny/spring-kafka-test,1.2.2,"2018-03-15 07:06:22",git://github.com/contactsunny/spring-kafka-test.git
microsoft/Cluster-Partition-Rebalancer-For-Kafka,0.8.1,"2017-07-11 13:28:51",git://github.com/microsoft/Cluster-Partition-Rebalancer-For-Kafka.git
Esri/kafka-for-geoevent,0.10.1,"2022-07-01 21:24:21",git://github.com/Esri/kafka-for-geoevent.git
dropbox/presto-kafka-connector,0.8.1,"2014-06-20 17:30:49",git://github.com/dropbox/presto-kafka-connector.git
DarkPhoenixs/connection-pool-client,0.9.0,"2022-06-21 00:05:44",git://github.com/DarkPhoenixs/connection-pool-client.git
joychugh/disruptor-kafka-consumer,0.9.0,"2015-10-22 21:46:01",git://github.com/joychugh/disruptor-kafka-consumer.git
opencore/mirrormaker_topic_rename,2.1.0,"2021-01-18 15:06:09",git://github.com/opencore/mirrormaker_topic_rename.git
wenqiglantz/opentelemetry-sleuth-kafka-jaeger,2.8.6,"2022-09-30 11:44:15",git://github.com/wenqiglantz/opentelemetry-sleuth-kafka-jaeger.git
kroxylicious/kroxylicious,3.4.0,"2023-03-20 04:07:52",git://github.com/kroxylicious/kroxylicious.git
josedab/spring-boot-kafka-video-consumer,0.8.1,"2015-04-05 22:49:06",git://github.com/josedab/spring-boot-kafka-video-consumer.git
scylladb/scylla-cdc-source-connector,3.3.1,"2023-03-13 15:35:52",git://github.com/scylladb/scylla-cdc-source-connector.git
kaliy/kafka-connect-rss,3.3.1,"2022-12-11 20:22:47",git://github.com/kaliy/kafka-connect-rss.git
googleapis/java-pubsub-group-kafka-connector,3.4.0,"2023-03-18 14:59:28",git://github.com/googleapis/java-pubsub-group-kafka-connector.git
MSurendra/kafka-connect-solr,0.9.0,"2016-06-17 04:46:57",git://github.com/MSurendra/kafka-connect-solr.git
apache/geode-kafka-connector,2.3.1,"2023-03-10 23:22:28",git://github.com/apache/geode-kafka-connector.git
asif31iqbal/kafka-monitoring-tool,0.8.1,"2015-05-28 18:27:31",git://github.com/asif31iqbal/kafka-monitoring-tool.git
strimzi/kafka-kubernetes-config-provider,3.4.0,"2023-03-18 19:45:42",git://github.com/strimzi/kafka-kubernetes-config-provider.git
Sentaware/kafka-producers,0.8.0,"2014-02-16 02:18:18",git://github.com/Sentaware/kafka-producers.git
jaredpetersen/kafka-connect-arangodb,2.4.0,"2020-07-20 06:15:15",git://github.com/jaredpetersen/kafka-connect-arangodb.git
epam/eco-kafka-manager,7.0.1,"2023-03-13 14:40:02",git://github.com/epam/eco-kafka-manager.git
BCEBIGDATA/kafka-sample-java,0.10.1,"2017-09-27 07:46:42",git://github.com/BCEBIGDATA/kafka-sample-java.git
scalyr/kafka-connect-scalyr,2.8.1,"2023-03-15 21:37:05",git://github.com/scalyr/kafka-connect-scalyr.git
heiheiwangergou/Kafka-sparkstreaming-kafka-montior,0.10.0,"2019-03-30 07:23:46",git://github.com/heiheiwangergou/Kafka-sparkstreaming-kafka-montior.git
OuYangLiang/libevent,0.11.0,"2022-07-01 21:25:08",git://github.com/OuYangLiang/libevent.git
navikt/kafka-sandbox,3.0.0,"2022-10-19 01:25:08",git://github.com/navikt/kafka-sandbox.git
dhananjaypatkar/kafka-connect-phoenix,2.1.1,"2020-10-27 11:59:16",git://github.com/dhananjaypatkar/kafka-connect-phoenix.git
traiana/kafka-spiffe-principal,2.4.1,"2023-03-03 12:59:31",git://github.com/traiana/kafka-spiffe-principal.git
dromara/mendmix,3.0.0,"2023-03-05 07:42:14",git://github.com/dromara/mendmix.git
an0r0c/kafka-connect-transform-tojsonstring,3.3.1,"2023-02-27 13:42:54",git://github.com/an0r0c/kafka-connect-transform-tojsonstring.git
dbvisitsoftware/replicate-connector-for-kafka,0.10.1,"2017-08-02 21:48:07",git://github.com/dbvisitsoftware/replicate-connector-for-kafka.git
onfocusio/kafka-connect-kudu,0.10.1,"2017-06-02 14:34:06",git://github.com/onfocusio/kafka-connect-kudu.git
ben-jamin-chen/springboot-kafka-streams-rest-api,2.6.0,"2021-01-24 04:39:27",git://github.com/ben-jamin-chen/springboot-kafka-streams-rest-api.git
dubin555/Kafka-Insight,0.10.2,"2022-06-17 01:47:42",git://github.com/dubin555/Kafka-Insight.git
datastax/starlight-for-kafka,3.4.0,"2023-03-17 16:14:27",git://github.com/datastax/starlight-for-kafka.git
exasol/kafka-connect-jdbc-exasol,7.0.0,"2022-07-11 10:29:39",git://github.com/exasol/kafka-connect-jdbc-exasol.git
Axual/ksml,3.3.2,"2023-03-16 11:39:41",git://github.com/Axual/ksml.git
stepio/spring-actuator-kafka,0.9.0,"2020-03-21 20:39:36",git://github.com/stepio/spring-actuator-kafka.git
streamthoughts/kafka-consumer-partition-assignor,2.3.1,"2019-11-20 09:39:30",git://github.com/streamthoughts/kafka-consumer-partition-assignor.git
IBM/cloudant-kafka-connector,3.4.0,"2023-03-14 10:50:04",git://github.com/IBM/cloudant-kafka-connector.git
instaclustr/kafka-connect-connectors,2.5.1,"2022-07-15 21:08:42",git://github.com/instaclustr/kafka-connect-connectors.git
sahabpardaz/smart-commit-kafka-consumer,1.1.1,"2022-01-18 13:57:48",git://github.com/sahabpardaz/smart-commit-kafka-consumer.git
ben-jamin-chen/kafka-streams-redis-statestore,2.6.0,"2021-01-24 04:41:38",git://github.com/ben-jamin-chen/kafka-streams-redis-statestore.git
abhirockzz/docker-kafka-streams,0.10.1,"2017-03-14 01:11:04",git://github.com/abhirockzz/docker-kafka-streams.git
thingsboard/kafka-streams-example,2.3.0,"2019-10-28 16:14:14",git://github.com/thingsboard/kafka-streams-example.git
prashanthlgowda/kafka-connect-influxdb,0.1.0,"2017-11-27 17:28:01",git://github.com/prashanthlgowda/kafka-connect-influxdb.git
keedio/flume-ng-kafka-avro-sink,0.8.0,"2019-09-17 08:14:32",git://github.com/keedio/flume-ng-kafka-avro-sink.git
predic8/apache-kafka-demos,3.2.1,"2023-01-20 11:38:12",git://github.com/predic8/apache-kafka-demos.git
mysql-time-machine/replicator,1.1.0,"2022-11-15 23:51:19",git://github.com/mysql-time-machine/replicator.git
rmarting/kafka-clients-sb-sample,2.7.0,"2021-12-09 15:23:16",git://github.com/rmarting/kafka-clients-sb-sample.git
jasper-zhang/kafka-influxdb,0.9.0,"2020-10-13 12:31:06",git://github.com/jasper-zhang/kafka-influxdb.git
octanner/kafka-logs-jenkins,1.0.0,"2020-02-11 15:11:29",git://github.com/octanner/kafka-logs-jenkins.git
streamthoughts/kafka-connect-transform-grok,2.7.0,"2021-02-08 15:29:56",git://github.com/streamthoughts/kafka-connect-transform-grok.git
fabiohecht/kafka-bookstore-tutorial,1.1.0,"2018-05-25 12:42:11",git://github.com/fabiohecht/kafka-bookstore-tutorial.git
DataDog/datadog-kafka-connect-logs,0.11.3,"2023-02-24 16:55:27",git://github.com/DataDog/datadog-kafka-connect-logs.git
zigarn/kafka-connect-jmx,2.0.0,"2019-05-09 05:42:49",git://github.com/zigarn/kafka-connect-jmx.git
eventeum/eventeum,0.2.2,"2022-10-05 03:21:30",git://github.com/eventeum/eventeum.git
camathieu/flume-ng-kafka-sink,0.8.0,"2014-08-26 15:34:13",git://github.com/camathieu/flume-ng-kafka-sink.git
charithe/kafka-maven-plugin,0.8.2,"2016-11-22 22:05:54",git://github.com/charithe/kafka-maven-plugin.git
krux/java-kafka-client-libs,1.0.1,"2022-10-29 22:29:22",git://github.com/krux/java-kafka-client-libs.git
bf2fc6cc711aee1a0c2a/kafka-admin-api,3.2.1,"2023-03-07 11:44:09",git://github.com/bf2fc6cc711aee1a0c2a/kafka-admin-api.git
bullet-db/bullet-kafka,2.6.0,"2022-01-11 23:16:17",git://github.com/bullet-db/bullet-kafka.git
opencore/kafkastreamsdemo,0.10.0,"2016-08-01 19:24:48",git://github.com/opencore/kafkastreamsdemo.git
hevoio/recoverable-kafka-producer,2.2.0,"2021-08-05 05:45:55",git://github.com/hevoio/recoverable-kafka-producer.git
sknop/kafka_transactions,3.3.1,"2023-02-10 02:39:13",git://github.com/sknop/kafka_transactions.git
EugeneYushin/new-api-kafkameter,0.8.2,"2015-07-02 11:45:10",git://github.com/EugeneYushin/new-api-kafkameter.git
opencredo/kafka-connect-venafi,2.0.1,"2022-11-04 15:55:30",git://github.com/opencredo/kafka-connect-venafi.git
DDTH/ddth-kafka,2.2.1,"2020-10-12 22:52:23",git://github.com/DDTH/ddth-kafka.git
137-rick/http-kafka-gateway,0.11.0,"2019-01-02 08:02:33",git://github.com/137-rick/http-kafka-gateway.git
ftrossbach/kiqr,0.10.2,"2017-11-08 18:48:21",git://github.com/ftrossbach/kiqr.git
thingsboard/thingsboard,3.2.0,"2023-03-20 00:09:22",git://github.com/thingsboard/thingsboard.git
logicalclocks/hops-kafka-authorizer,2.3.0,"2023-03-14 15:51:25",git://github.com/logicalclocks/hops-kafka-authorizer.git
grantneale/kafka-lag-based-assignor,2.5.0,"2020-10-13 02:15:13",git://github.com/grantneale/kafka-lag-based-assignor.git
thmshmm/kafka-custom-principal-builder,0.10.2,"2017-08-11 11:28:57",git://github.com/thmshmm/kafka-custom-principal-builder.git
wuzhongdehua/fksm,0.9.0,"2016-06-02 01:53:47",git://github.com/wuzhongdehua/fksm.git
kptfh/left-join-on-timeout,0.11.0,"2019-02-20 07:06:20",git://github.com/kptfh/left-join-on-timeout.git
servicex-sh/httpx,3.3.2,"2023-03-03 14:36:00",git://github.com/servicex-sh/httpx.git
IBM/trino-event-stream,2.5.1,"2022-07-20 19:25:22",git://github.com/IBM/trino-event-stream.git
josedab/spring-boot-kafka-video-producer,0.8.1,"2015-03-25 23:27:09",git://github.com/josedab/spring-boot-kafka-video-producer.git
wuyichen24/microservices-patterns,0.2.0,"2020-07-02 06:24:04",git://github.com/wuyichen24/microservices-patterns.git
jeqo/kafka-cli,3.2.2,"2023-02-07 14:39:28",git://github.com/jeqo/kafka-cli.git
ably/kafka-connect-ably,3.1.0,"2023-03-14 15:25:09",git://github.com/ably/kafka-connect-ably.git
Nepxion/Thunder,0.9.0,"2023-02-03 12:31:19",git://github.com/Nepxion/Thunder.git
ozangunalp/kafka-native,3.3.2,"2023-03-15 04:04:00",git://github.com/ozangunalp/kafka-native.git
IgnitionModuleDevelopmentCommunity/Kafka,2.2.1,"2021-09-27 14:39:34",git://github.com/IgnitionModuleDevelopmentCommunity/Kafka.git
jessecollier/kafka-connect-kinesis,0.10.1,"2017-08-17 19:01:20",git://github.com/jessecollier/kafka-connect-kinesis.git
tikalk/community-kafka-stream,2.0.0,"2018-12-24 21:10:50",git://github.com/tikalk/community-kafka-stream.git
nickman/HeliosStreams,0.10.0,"2017-03-31 00:52:45",git://github.com/nickman/HeliosStreams.git
dromara/myth,1.1.2,"2023-03-01 11:28:49",git://github.com/dromara/myth.git
memsql/singlestore-kafka-connector,3.2.0,"2023-01-27 07:27:07",git://github.com/memsql/singlestore-kafka-connector.git
carlosmenezes/mockafka,0.11.0,"2017-08-09 20:19:49",git://github.com/carlosmenezes/mockafka.git
michalzeman/spring-reactive-microservices,1.1.0,"2023-03-05 08:32:51",git://github.com/michalzeman/spring-reactive-microservices.git
kaiwaehner/kafka-streams-machine-learning-docker-microservice,0.10.2,"2017-09-25 09:26:46",git://github.com/kaiwaehner/kafka-streams-machine-learning-docker-microservice.git
malesch/KafkaLogbackAppender,0.10.0,"2022-07-01 21:24:09",git://github.com/malesch/KafkaLogbackAppender.git
pvillard31/kafka-ssl-principal-builder,0.10.1,"2019-04-01 11:17:08",git://github.com/pvillard31/kafka-ssl-principal-builder.git
kaiwaehner/kafka-connect-smt-string-filter,2.0.0,"2022-05-03 08:53:54",git://github.com/kaiwaehner/kafka-connect-smt-string-filter.git
bakdata/kafka-error-handling,3.3.1,"2023-01-04 12:07:48",git://github.com/bakdata/kafka-error-handling.git
scholzj/kafka-test-apps,3.3.1,"2022-11-24 23:21:01",git://github.com/scholzj/kafka-test-apps.git
kumait/kafkavisualizer,3.1.0,"2022-09-18 13:36:29",git://github.com/kumait/kafkavisualizer.git
dbiir/paraflow,1.1.0,"2022-06-17 01:59:59",git://github.com/dbiir/paraflow.git
DecisionsDev/decisions-on-kafka,2.0.0,"2022-11-16 09:30:06",git://github.com/DecisionsDev/decisions-on-kafka.git
oystparis/kafka-connect-nats,0.10.2,"2017-06-12 17:20:16",git://github.com/oystparis/kafka-connect-nats.git
Paleozoic/storm_spring_boot_demo,0.10.2,"2018-12-06 06:35:26",git://github.com/Paleozoic/storm_spring_boot_demo.git
datafibers-community/df_data_service,0.11.0,"2022-02-11 00:44:11",git://github.com/datafibers-community/df_data_service.git
strimzi/kafka-env-var-config-provider,3.3.1,"2023-02-26 11:16:13",git://github.com/strimzi/kafka-env-var-config-provider.git
jetoile/hadoop-unit,1.0.0,"2023-01-02 22:13:12",git://github.com/jetoile/hadoop-unit.git
Azure/kafka-connect-cosmosdb-graph,2.2.0,"2023-01-27 20:54:44",git://github.com/Azure/kafka-connect-cosmosdb-graph.git
ypant/kafka-json-producer,0.8.2,"2015-11-15 17:33:11",git://github.com/ypant/kafka-json-producer.git
jkorab/kafka-failover-cli,2.6.1,"2021-09-22 03:43:11",git://github.com/jkorab/kafka-failover-cli.git
bootique/bootique-kafka,2.7.2,"2023-01-07 21:00:33",git://github.com/bootique/bootique-kafka.git
ConsenSysMesh/kafka-deadletter,2.2.0,"2019-05-30 23:53:28",git://github.com/ConsenSysMesh/kafka-deadletter.git
MOBX/kafkaLowLevelConsumer,0.8.2,"2019-01-12 06:02:43",git://github.com/MOBX/kafkaLowLevelConsumer.git
fbascheper/kafka-tf-burglar-alerts-demo,0.1.1,"2020-10-13 10:52:17",git://github.com/fbascheper/kafka-tf-burglar-alerts-demo.git
l-lin/poc-kafka,2.1.0,"2020-04-13 19:35:23",git://github.com/l-lin/poc-kafka.git
gravitee-io-community/gravitee-reporter-kafka,1.2.3,"2023-02-08 06:03:35",git://github.com/gravitee-io-community/gravitee-reporter-kafka.git
gnethercutt/dynamodb-streams-kafka,0.8.1,"2018-06-13 23:09:17",git://github.com/gnethercutt/dynamodb-streams-kafka.git
kestra-io/plugin-kafka,3.4.0,"2023-03-13 14:43:55",git://github.com/kestra-io/plugin-kafka.git
TFdream/mq-learning,2.7.1,"2022-05-20 20:47:00",git://github.com/TFdream/mq-learning.git
streamthoughts/jikkou,3.4.0,"2023-03-15 04:00:53",git://github.com/streamthoughts/jikkou.git
edmundophie/kafka-chat,0.8.2,"2015-10-20 12:33:32",git://github.com/edmundophie/kafka-chat.git
fedeoliv/saga-coordinator-java,2.2.7,"2022-05-20 21:04:00",git://github.com/fedeoliv/saga-coordinator-java.git
xingzhixi/kafka-rest,0.8.1,"2014-07-08 15:27:50",git://github.com/xingzhixi/kafka-rest.git
xuwujing/java-study,1.0.0,"2022-12-16 05:08:38",git://github.com/xuwujing/java-study.git
wkennedy/spring-kafka-cloud-events,2.5.5,"2020-12-13 18:48:05",git://github.com/wkennedy/spring-kafka-cloud-events.git
convoyinc/KafkaVaultProvider,0.11.1,"2020-01-03 21:49:54",git://github.com/convoyinc/KafkaVaultProvider.git
bf2fc6cc711aee1a0c2a/e2e-test-suite,2.8.2,"2023-03-17 14:02:58",git://github.com/bf2fc6cc711aee1a0c2a/e2e-test-suite.git
mindsdb/kafka_connector,0.12.0,"2022-01-24 11:26:40",git://github.com/mindsdb/kafka_connector.git
jcustenborder/kafka-jaxb,0.10.2,"2017-07-19 22:10:57",git://github.com/jcustenborder/kafka-jaxb.git
SourceLabOrg/kafka-webview-examples,2.0.0,"2022-10-18 08:13:55",git://github.com/SourceLabOrg/kafka-webview-examples.git
xebia/kafka-connect-couchdb,0.10.2,"2018-01-23 13:38:30",git://github.com/xebia/kafka-connect-couchdb.git
84codes/kafka-connect-rabbitmq,1.1.1,"2022-11-01 10:10:16",git://github.com/84codes/kafka-connect-rabbitmq.git
orchome/KafkaOffsetMonitor,3.0.0,"2021-12-04 10:44:42",git://github.com/orchome/KafkaOffsetMonitor.git
RTBHOUSE/kafka-graphite-reporter,2.1.1,"2019-03-14 15:38:56",git://github.com/RTBHOUSE/kafka-graphite-reporter.git
bakdata/streams-bootstrap,3.3.2,"2023-03-16 15:00:17",git://github.com/bakdata/streams-bootstrap.git
CoffeeBeansLabs/kafka-connect-azure-blob-storage,3.2.1,"2022-11-21 13:18:17",git://github.com/CoffeeBeansLabs/kafka-connect-azure-blob-storage.git
strimzi/kafka-access-operator,3.0.0,"2023-01-16 12:19:41",git://github.com/strimzi/kafka-access-operator.git
SINTEF-9012/kafka-prometheus-sink-connector,2.4.0,"2022-06-17 03:07:10",git://github.com/SINTEF-9012/kafka-prometheus-sink-connector.git
haizhirun/kafka_book_demo,2.0.0,"2022-05-20 21:19:27",git://github.com/haizhirun/kafka_book_demo.git
sabarishs/hivemq-kafka-plugin,0.10.1,"2016-05-16 06:23:19",git://github.com/sabarishs/hivemq-kafka-plugin.git
aditya-sridhar/kafka-streams-demo,2.8.0,"2021-06-13 17:06:53",git://github.com/aditya-sridhar/kafka-streams-demo.git
joyang1/slf4j4json,0.11.0,"2022-07-01 21:24:37",git://github.com/joyang1/slf4j4json.git
amient/hello-streams,2.0.0,"2018-08-28 12:30:17",git://github.com/amient/hello-streams.git
rayokota/keta,3.4.0,"2023-03-15 04:58:47",git://github.com/rayokota/keta.git
dzikowski/simple-kafka-storm-java,0.8.1,"2014-12-07 12:06:08",git://github.com/dzikowski/simple-kafka-storm-java.git
jeqo/tracing-kafka-apps,2.1.1,"2020-10-17 11:03:58",git://github.com/jeqo/tracing-kafka-apps.git
jbfletch/kstreams-des-demo,2.3.0,"2020-08-13 19:58:18",git://github.com/jbfletch/kstreams-des-demo.git
sakserv/kafka-readfile-producer,0.8.2,"2015-09-10 17:26:32",git://github.com/sakserv/kafka-readfile-producer.git
humio/kafka-connect-hec-sink,3.1.1,"2022-09-29 12:56:17",git://github.com/humio/kafka-connect-hec-sink.git
jcustenborder/kafka-jackson,1.0.0,"2018-04-14 23:20:27",git://github.com/jcustenborder/kafka-jackson.git
ppatierno/kafka-opentelemetry,3.2.0,"2022-10-11 15:07:26",git://github.com/ppatierno/kafka-opentelemetry.git
scholzj/kafka-kubernetes-authenticator,2.3.0,"2022-11-16 09:27:12",git://github.com/scholzj/kafka-kubernetes-authenticator.git
sysco-middleware/kafka-client-collector,2.3.0,"2020-11-19 14:23:27",git://github.com/sysco-middleware/kafka-client-collector.git
apache/sling-org-apache-sling-distribution-journal-kafka,2.1.0,"2022-11-16 11:32:26",git://github.com/apache/sling-org-apache-sling-distribution-journal-kafka.git
skalogs/SkaETL,1.1.1,"2022-12-06 00:42:13",git://github.com/skalogs/SkaETL.git
TrumanDu/KafkaTools,2.1.0,"2018-12-18 02:36:26",git://github.com/TrumanDu/KafkaTools.git
liemle3893/spring-kafka08,0.8.2,"2020-01-18 17:44:53",git://github.com/liemle3893/spring-kafka08.git
ffr4nz/kafkaStorm,0.9.0,"2019-04-13 08:32:50",git://github.com/ffr4nz/kafkaStorm.git
simplesourcing/simplesagas,2.3.0,"2022-05-20 20:55:54",git://github.com/simplesourcing/simplesagas.git
ypant/kafka-avro-consumer,0.8.2,"2015-11-16 19:08:39",git://github.com/ypant/kafka-avro-consumer.git
shmoli/ccloud_metrics_source,2.4.0,"2022-11-16 01:23:09",git://github.com/shmoli/ccloud_metrics_source.git
VictorGil/transfers_recording_service,2.3.0,"2021-12-14 21:31:45",git://github.com/VictorGil/transfers_recording_service.git
watermelonjam/kafka-connect-logminer,2.1.0,"2020-10-13 11:10:51",git://github.com/watermelonjam/kafka-connect-logminer.git
hivemq/hivemq-kafka-hello-world-customization,4.13.0,"2023-03-07 17:06:48",git://github.com/hivemq/hivemq-kafka-hello-world-customization.git
asnowfox/graylog-kafka-output,0.9.0,"2019-07-24 10:09:24",git://github.com/asnowfox/graylog-kafka-output.git
research-virtualfortknox/simple-kafka-msb-connector,2.2.0,"2023-02-24 02:59:42",git://github.com/research-virtualfortknox/simple-kafka-msb-connector.git
githubZS/Oracle-Connect-Kafka,0.10.2,"2022-07-01 21:27:53",git://github.com/githubZS/Oracle-Connect-Kafka.git
kaiwaehner/ksql-udf-deep-learning-mqtt-iot,2.4.0,"2020-04-22 12:50:20",git://github.com/kaiwaehner/ksql-udf-deep-learning-mqtt-iot.git
ppatierno/kafka-connect-amqp,0.10.1,"2017-01-16 17:41:04",git://github.com/ppatierno/kafka-connect-amqp.git
DhyansProjects/KafkaJavaConsumer,0.9.0,"2015-12-17 15:34:26",git://github.com/DhyansProjects/KafkaJavaConsumer.git
wking1986/kafka2elasticsearch,0.8.0,"2014-12-02 07:00:17",git://github.com/wking1986/kafka2elasticsearch.git
jretty-org/kafka-xclient,0.9.0,"2023-02-10 03:12:57",git://github.com/jretty-org/kafka-xclient.git
devicehive/devicehive-java-server,0.10.0,"2023-01-16 16:18:14",git://github.com/devicehive/devicehive-java-server.git
mumudemo/mumu-kafka,0.11.0,"2018-06-20 01:31:11",git://github.com/mumudemo/mumu-kafka.git
networknt/light-email,2.1.0,"2020-11-09 04:06:24",git://github.com/networknt/light-email.git
mmahmoodictbd/iot-platform-api,2.2.7,"2020-10-13 14:44:46",git://github.com/mmahmoodictbd/iot-platform-api.git
ThisisWilli/rtms-system,0.11.0,"2022-06-21 03:58:00",git://github.com/ThisisWilli/rtms-system.git
vostok/hercules,2.4.0,"2023-03-02 10:44:32",git://github.com/vostok/hercules.git
helpermethod/connor,3.4.0,"2023-03-15 18:41:26",git://github.com/helpermethod/connor.git
GuillaumeWaignier/kafka-apm-example,2.8.0,"2022-04-22 15:52:15",git://github.com/GuillaumeWaignier/kafka-apm-example.git
gurpreet-flipkart/KafkaSql,0.8.1,"2018-11-10 15:43:01",git://github.com/gurpreet-flipkart/KafkaSql.git
rcardin/kafkaesque,2.5.0,"2022-01-08 10:05:46",git://github.com/rcardin/kafkaesque.git
giladam/kafka-jackson-serde,1.0.0,"2019-03-01 05:26:43",git://github.com/giladam/kafka-jackson-serde.git
dbosco/kafka_tutorials,0.9.0,"2016-01-26 21:28:25",git://github.com/dbosco/kafka_tutorials.git
jwboardman/whirlpool,3.3.1,"2022-10-19 11:02:47",git://github.com/jwboardman/whirlpool.git
unlock-lee/OStn-DataAcquisition,0.10.0,"2022-07-01 21:25:57",git://github.com/unlock-lee/OStn-DataAcquisition.git
baidubce/kafka-samples-java,0.9.0,"2016-08-23 01:48:29",git://github.com/baidubce/kafka-samples-java.git
osalvador/ReplicaDB,2.7.0,"2023-01-30 14:47:19",git://github.com/osalvador/ReplicaDB.git
vspiliop/embedded-kafka-cluster,1.0.1,"2021-07-24 13:01:47",git://github.com/vspiliop/embedded-kafka-cluster.git
mguenther/spring-kafka-introduction,2.6.5,"2021-03-02 11:55:14",git://github.com/mguenther/spring-kafka-introduction.git
abhirockzz/kafka-javaee-concurrency-utilities,0.10.2,"2017-06-01 13:34:52",git://github.com/abhirockzz/kafka-javaee-concurrency-utilities.git
PaVoS-TECO/java-mqtt-kafka-bridge,1.1.0,"2018-10-16 11:27:59",git://github.com/PaVoS-TECO/java-mqtt-kafka-bridge.git
dhinojosa/kafka-streams-environment,3.2.1,"2022-09-07 18:54:27",git://github.com/dhinojosa/kafka-streams-environment.git
CDCgov/fdns-ms-reporting-kafka,2.0.0,"2018-11-23 16:33:01",git://github.com/CDCgov/fdns-ms-reporting-kafka.git
reselbob/kafka-java-demo,3.1.0,"2022-03-15 19:56:26",git://github.com/reselbob/kafka-java-demo.git
epheatt/kafka-connect-salesforce,0.11.0,"2019-02-20 18:01:22",git://github.com/epheatt/kafka-connect-salesforce.git
xfoursea/kafka-storm-hbase,0.9.1,"2014-07-10 19:06:03",git://github.com/xfoursea/kafka-storm-hbase.git
hellosix/kafkaManager,0.8.2,"2018-09-24 06:26:46",git://github.com/hellosix/kafkaManager.git
tonda100/eventstore-kafka,2.4.0,"2023-02-10 01:02:42",git://github.com/tonda100/eventstore-kafka.git
linzhaoming/easyframe-msg,0.8.1,"2017-11-01 11:17:41",git://github.com/linzhaoming/easyframe-msg.git
jcasbin/kafka-watcher,2.8.0,"2021-10-12 13:13:21",git://github.com/jcasbin/kafka-watcher.git
vostok/airlock.gate,1.0.0,"2021-08-16 12:42:39",git://github.com/vostok/airlock.gate.git
bassrehab/smpp-kafka-producer,2.4.1,"2022-11-16 02:58:19",git://github.com/bassrehab/smpp-kafka-producer.git
tree1123/Kafka-Demo-2.4,2.4.0,"2019-12-30 00:48:10",git://github.com/tree1123/Kafka-Demo-2.4.git
bakdata/rebalancing-demo,2.5.0,"2020-08-21 15:57:37",git://github.com/bakdata/rebalancing-demo.git
mattcasters/kettle-kafka,0.10.2,"2022-07-01 21:28:01",git://github.com/mattcasters/kettle-kafka.git
DhruvKumar/iot-lab,0.8.2,"2015-10-11 07:06:48",git://github.com/DhruvKumar/iot-lab.git
jxttian/LoggingAppender,0.10.1,"2018-02-28 02:15:20",git://github.com/jxttian/LoggingAppender.git
hellasmoon/graylog-plugin-kafka-inout,0.9.0,"2017-12-07 02:21:41",git://github.com/hellasmoon/graylog-plugin-kafka-inout.git
rochapaulo/kafka-connect-transform-commons,2.1.1,"2020-10-13 12:01:26",git://github.com/rochapaulo/kafka-connect-transform-commons.git
arenadata/kafka-pxf-connector,2.5.0,"2021-04-22 07:44:41",git://github.com/arenadata/kafka-pxf-connector.git
492066199/YYPush,0.8.2,"2016-04-22 09:23:51",git://github.com/492066199/YYPush.git
fasten-project/vulnerability-producer,2.8.0,"2022-12-12 12:30:45",git://github.com/fasten-project/vulnerability-producer.git
swisspost/kobuka,3.3.1,"2023-02-07 02:34:58",git://github.com/swisspost/kobuka.git
654894017/cqrs,2.6.0,"2023-01-19 02:01:54",git://github.com/654894017/cqrs.git
HashDataInc/bireme,0.11.0,"2022-02-23 16:41:48",git://github.com/HashDataInc/bireme.git
litaipo/IoT,2.8.0,"2021-08-27 03:12:49",git://github.com/litaipo/IoT.git
jeremy-l-ford/spring-kafka-connect-starter,2.6.0,"2022-07-10 03:01:56",git://github.com/jeremy-l-ford/spring-kafka-connect-starter.git
VictorGil/transfers_websockets_service,2.3.0,"2020-04-13 17:57:55",git://github.com/VictorGil/transfers_websockets_service.git
appoptics/kafka-appoptics-reporter,0.11.0,"2019-11-01 15:43:34",git://github.com/appoptics/kafka-appoptics-reporter.git
hk-Lei/thor,0.10.0,"2017-01-09 02:41:31",git://github.com/hk-Lei/thor.git
nbuesing/kafka-connect-opensky,3.2.3,"2022-10-09 18:34:53",git://github.com/nbuesing/kafka-connect-opensky.git
jiangxiluning/kafka-connect-hdfs,0.10.2,"2017-11-02 02:12:37",git://github.com/jiangxiluning/kafka-connect-hdfs.git
awto/kafka-workflow,3.0.0,"2022-12-27 20:31:31",git://github.com/awto/kafka-workflow.git
zhuangjinjin/piccolo,2.0.0,"2022-07-07 16:58:53",git://github.com/zhuangjinjin/piccolo.git
apurvam/streams-prototyping,1.1.0,"2018-08-30 15:56:56",git://github.com/apurvam/streams-prototyping.git
eljefe6a/yaka,1.1.0,"2019-02-01 21:58:34",git://github.com/eljefe6a/yaka.git
t3rmin4t0r/hive-kafka-handler,2.0.0,"2018-10-18 19:07:56",git://github.com/t3rmin4t0r/hive-kafka-handler.git
ImFlog/kafka-playground,0.11.0,"2017-11-08 16:40:06",git://github.com/ImFlog/kafka-playground.git
mukatee/kafka-consumer,0.8.2,"2015-12-07 14:34:25",git://github.com/mukatee/kafka-consumer.git
TritonDataCenter/kafka-connect-manta,0.11.0,"2018-02-10 15:37:45",git://github.com/TritonDataCenter/kafka-connect-manta.git
billkellett/kafka-event-generator,2.1.0,"2020-10-13 14:35:41",git://github.com/billkellett/kafka-event-generator.git
catawiki/kafka-connect-transform-tombstone,0.10.2,"2018-06-27 22:07:05",git://github.com/catawiki/kafka-connect-transform-tombstone.git
Jean-Eudes/kafka-maven-plugin,0.9.0,"2016-11-30 15:13:49",git://github.com/Jean-Eudes/kafka-maven-plugin.git
ogidogi/kafka-storm-hive,0.8.1,"2014-10-13 12:54:23",git://github.com/ogidogi/kafka-storm-hive.git
UltimateSoftware/kafka-vault-jca,2.1.1,"2021-03-31 21:11:24",git://github.com/UltimateSoftware/kafka-vault-jca.git
jbariel/kafka-example-java,2.5.0,"2020-06-12 11:22:08",git://github.com/jbariel/kafka-example-java.git
ypant/kafka-avro-producer,0.8.2,"2015-11-16 18:13:08",git://github.com/ypant/kafka-avro-producer.git
CDCgov/fdns-kafka-library,0.10.2,"2018-09-25 20:10:50",git://github.com/CDCgov/fdns-kafka-library.git
galatea-associates/fuse-starter-kafka-streams,2.4.1,"2021-12-17 05:07:44",git://github.com/galatea-associates/fuse-starter-kafka-streams.git
kailanyue/SZ-Metro,2.2.0,"2021-01-20 14:02:11",git://github.com/kailanyue/SZ-Metro.git
bkatwal/kafka-solr-sink-connector,2.6.0,"2022-11-16 10:23:55",git://github.com/bkatwal/kafka-solr-sink-connector.git
andreydanil/spring-boot-kafka-avro-primer,1.2.2,"2020-05-14 16:46:49",git://github.com/andreydanil/spring-boot-kafka-avro-primer.git
bf2fc6cc711aee1a0c2a/kas-broker-plugins,3.2.3,"2022-10-11 10:10:41",git://github.com/bf2fc6cc711aee1a0c2a/kas-broker-plugins.git
sysco-middleware/kafka-interceptors,1.1.1,"2018-12-17 18:53:33",git://github.com/sysco-middleware/kafka-interceptors.git
eo-cqrs/eo-kafka,3.4.0,"2023-03-19 21:49:39",git://github.com/eo-cqrs/eo-kafka.git
jcustenborder/kafka-tools,2.3.0,"2021-06-07 18:34:58",git://github.com/jcustenborder/kafka-tools.git
frischHWC/random-datagen,2.5.0,"2022-12-09 14:30:11",git://github.com/frischHWC/random-datagen.git
AmbilySureshbabu/SWE645_SimpleKafkaBackend,2.2.0,"2020-11-30 23:44:29",git://github.com/AmbilySureshbabu/SWE645_SimpleKafkaBackend.git
clockworm/logback-kafka,2.8.2,"2022-01-31 10:54:11",git://github.com/clockworm/logback-kafka.git
dwarszawski/kafka-connect-mlflow,2.6.0,"2021-01-08 13:55:49",git://github.com/dwarszawski/kafka-connect-mlflow.git
ZhendongBai/elasticsearch-cdc,2.0.1,"2021-08-21 09:00:04",git://github.com/ZhendongBai/elasticsearch-cdc.git
wagnerjfr/springboot-crypto-kafka-docker,2.6.0,"2021-03-28 15:00:41",git://github.com/wagnerjfr/springboot-crypto-kafka-docker.git
fireapp/flume-kafka-source,1.1.0,"2018-08-31 07:02:57",git://github.com/fireapp/flume-kafka-source.git
xausky/kafka-consumer-redis,0.10.0,"2016-10-26 12:20:12",git://github.com/xausky/kafka-consumer-redis.git
liketic/kafka-connect-logservice,0.11.1,"2022-10-04 23:56:50",git://github.com/liketic/kafka-connect-logservice.git
jukkakarvanen/kafka-streams-test-topics,2.3.0,"2020-10-13 13:08:45",git://github.com/jukkakarvanen/kafka-streams-test-topics.git
Fabryprog/kafka-streams-examples,2.4.1,"2020-10-13 21:40:11",git://github.com/Fabryprog/kafka-streams-examples.git
mohsen02/simple-chat,2.1.4,"2018-08-09 13:40:26",git://github.com/mohsen02/simple-chat.git
birdiecare/connect-smts,2.7.0,"2022-11-16 02:43:39",git://github.com/birdiecare/connect-smts.git
proteus-h2020/proteus-producer,0.10.0,"2018-09-04 06:52:40",git://github.com/proteus-h2020/proteus-producer.git
industrial-opensource/plc4x-to-kafka-example,2.5.0,"2022-11-16 01:15:38",git://github.com/industrial-opensource/plc4x-to-kafka-example.git
averemee-si/oracdc,3.1.2,"2023-03-12 09:32:28",git://github.com/averemee-si/oracdc.git
huacke/mq-kafka,2.5.1,"2022-06-21 04:20:55",git://github.com/huacke/mq-kafka.git
reugn/kafka-aerospike-state-store,2.8.1,"2021-10-11 06:55:14",git://github.com/reugn/kafka-aerospike-state-store.git
STACK-Fintech/kafka-auth-aws-iam,2.2.1,"2019-06-26 19:16:03",git://github.com/STACK-Fintech/kafka-auth-aws-iam.git
rayokota/kgiraffe,3.3.0,"2023-03-15 05:04:43",git://github.com/rayokota/kgiraffe.git
kamir/ks-inspector,2.6.0,"2022-11-16 01:55:58",git://github.com/kamir/ks-inspector.git
rayokota/kstore,3.4.0,"2023-03-15 05:56:55",git://github.com/rayokota/kstore.git
jeanlouisboudart/kafka-vanilla-spring-boot-demo,3.4.0,"2023-03-09 22:16:10",git://github.com/jeanlouisboudart/kafka-vanilla-spring-boot-demo.git
ibm-cloud-architecture/refarch-eda-store-inventory,3.2.0,"2022-08-19 03:19:00",git://github.com/ibm-cloud-architecture/refarch-eda-store-inventory.git
kineticedge/kafka-streams-dashboards,3.3.1,"2023-03-12 18:19:46",git://github.com/kineticedge/kafka-streams-dashboards.git
movewp3/kafka-compoundkey-serde,2.3.0,"2022-01-27 09:48:43",git://github.com/movewp3/kafka-compoundkey-serde.git
heimuheimu/naiveasync,0.11.0,"2022-07-01 21:24:09",git://github.com/heimuheimu/naiveasync.git
ppatierno/kafka-playground,3.3.1,"2023-01-07 20:01:09",git://github.com/ppatierno/kafka-playground.git
be-hase/kafka-elasticsearch-metrics-reporter,0.8.2,"2016-02-03 08:41:43",git://github.com/be-hase/kafka-elasticsearch-metrics-reporter.git
laeeq80/SimpleKafkaProducer,0.8.1,"2014-08-14 19:46:16",git://github.com/laeeq80/SimpleKafkaProducer.git
BrianApple/IOTGateway,1.0.1,"2022-06-17 03:23:33",git://github.com/BrianApple/IOTGateway.git
harshach/kafka-rest-api,0.9.0,"2016-04-26 17:37:36",git://github.com/harshach/kafka-rest-api.git
mcluseau/http2kafka,0.8.1,"2015-07-08 22:27:06",git://github.com/mcluseau/http2kafka.git
KStreamsCookbook/kstreams-cookbook-examples,2.7.0,"2021-03-04 12:51:21",git://github.com/KStreamsCookbook/kstreams-cookbook-examples.git
daniellavoie/kafka-connect-udp,2.2.1,"2020-10-13 14:03:16",git://github.com/daniellavoie/kafka-connect-udp.git
strimzi/topic-encryption,2.8.0,"2022-09-27 12:03:54",git://github.com/strimzi/topic-encryption.git
irori-ab/claim-check-interceptors,3.1.0,"2022-07-22 09:41:22",git://github.com/irori-ab/claim-check-interceptors.git
HungUnicorn/kafka-topic-cleaner,2.3.0,"2020-10-13 17:12:34",git://github.com/HungUnicorn/kafka-topic-cleaner.git
wang-xue-qiang/kafka,0.8.2,"2022-11-16 03:26:43",git://github.com/wang-xue-qiang/kafka.git
jcustenborder/kafka-vault,0.10.2,"2017-02-23 02:31:02",git://github.com/jcustenborder/kafka-vault.git
pcasaes/kafka-workshop,2.3.1,"2020-02-12 19:36:31",git://github.com/pcasaes/kafka-workshop.git
is-land/example-kafka,2.2.0,"2019-06-04 12:15:16",git://github.com/is-land/example-kafka.git
yonigo/graalvm-kafka,2.1.0,"2019-04-16 11:18:35",git://github.com/yonigo/graalvm-kafka.git
jcasbin/kafka-casbin,2.8.0,"2023-02-07 10:35:36",git://github.com/jcasbin/kafka-casbin.git
ck-gao/Kafkameter-master,0.9.0,"2021-09-23 07:10:49",git://github.com/ck-gao/Kafkameter-master.git
ysjiang4869/code-example,2.3.0,"2021-08-09 20:56:15",git://github.com/ysjiang4869/code-example.git
yuzhenhai0808/kafka_oracle,0.10.2,"2020-10-13 15:32:04",git://github.com/yuzhenhai0808/kafka_oracle.git
autentia/training-kafka,3.1.0,"2022-10-19 05:51:13",git://github.com/autentia/training-kafka.git
prasanna1433/kafka-examples,1.1.0,"2018-06-08 22:30:43",git://github.com/prasanna1433/kafka-examples.git
SINTEF-9012/kafka-mqtt-sink-connector,2.4.0,"2022-06-17 03:03:35",git://github.com/SINTEF-9012/kafka-mqtt-sink-connector.git
schocco/kafka-streams-demo,1.0.0,"2018-02-15 21:46:08",git://github.com/schocco/kafka-streams-demo.git
mchernyakov/kafka-client-frame,1.0.0,"2018-07-24 13:39:13",git://github.com/mchernyakov/kafka-client-frame.git
sbd3/spark.connection.pool,2.2.1,"2017-12-21 09:46:53",git://github.com/sbd3/spark.connection.pool.git
keyko-io/web3-monitoring-agent,2.4.1,"2021-03-31 21:54:36",git://github.com/keyko-io/web3-monitoring-agent.git
americanexpress/jakasu,2.4.5,"2020-10-23 23:56:19",git://github.com/americanexpress/jakasu.git
myqq156001980/offical-kte,0.8.2,"2016-02-29 03:41:53",git://github.com/myqq156001980/offical-kte.git
yongdi/kafka-msg-util,0.8.2,"2016-10-21 12:36:03",git://github.com/yongdi/kafka-msg-util.git
epam/eco-commons-kafka,3.0.1,"2023-03-13 13:53:57",git://github.com/epam/eco-commons-kafka.git
robsonagapito/kafka-testing-java,2.3.1,"2021-06-08 10:53:57",git://github.com/robsonagapito/kafka-testing-java.git
JaredGordon/kafka-k8s,0.10.1,"2017-11-09 19:03:47",git://github.com/JaredGordon/kafka-k8s.git
yangboz/SpringBootKafkaStorm,0.8.2,"2017-04-16 15:05:53",git://github.com/yangboz/SpringBootKafkaStorm.git
troy-west/apache-kafka-number-stations,2.2.0,"2020-10-13 13:13:39",git://github.com/troy-west/apache-kafka-number-stations.git
