Huskehhh/MySQL,8.0.25,"2022-01-02 05:02:40",git://github.com/Huskehhh/MySQL.git
alibaba/canal,5.1.48,"2023-04-06 07:55:20",git://github.com/alibaba/canal.git
mirromutth/r2dbc-mysql,8.0.27,"2023-01-23 22:57:57",git://github.com/mirromutth/r2dbc-mysql.git
hellokoding/registration-login-spring-xml-maven-jsp-mysql,5.1.36,"2019-01-07 02:49:51",git://github.com/hellokoding/registration-login-spring-xml-maven-jsp-mysql.git
SeunMatt/mysql-backup4j,8.0.21,"2022-06-30 15:18:02",git://github.com/SeunMatt/mysql-backup4j.git
GongDexing/elasticsearch-mysql,5.1.22,"2016-12-23 02:18:47",git://github.com/GongDexing/elasticsearch-mysql.git
wyt1215819315/autoplan,8.0.28,"2023-02-11 05:02:16",git://github.com/wyt1215819315/autoplan.git
adricouci/mysql,5.1.34,"2015-02-18 21:45:33",git://github.com/adricouci/mysql.git
opensingular/singular-keycloak-database-federation,8.0.12,"2023-02-27 10:01:12",git://github.com/opensingular/singular-keycloak-database-federation.git
arun-gupta/lambda-rds-mysql,6.0.6,"2021-09-08 08:29:53",git://github.com/arun-gupta/lambda-rds-mysql.git
flipkart-incubator/storm-mysql,5.1.38,"2017-06-13 09:09:58",git://github.com/flipkart-incubator/storm-mysql.git
zfile-dev/zfile,8.0.31,"2023-04-06 06:38:06",git://github.com/zfile-dev/zfile.git
jd-tiger/binlake,5.1.14,"2022-10-04 23:51:28",git://github.com/jd-tiger/binlake.git
mtcarpenter/mall-cloud-alibaba,8.0.16,"2022-06-21 03:22:32",git://github.com/mtcarpenter/mall-cloud-alibaba.git
GoogleCloudPlatform/appengine-cloudsql-native-mysql-hibernate-jpa-demo-java,5.1.25,"2018-02-15 07:52:51",git://github.com/GoogleCloudPlatform/appengine-cloudsql-native-mysql-hibernate-jpa-demo-java.git
alibaba/innodb-java-reader,5.1.20,"2023-03-06 15:36:49",git://github.com/alibaba/innodb-java-reader.git
macrozheng/mall-tiny,8.0.29,"2023-02-14 08:33:25",git://github.com/macrozheng/mall-tiny.git
mysql-time-machine/replicator,8.0.27,"2022-11-15 23:51:19",git://github.com/mysql-time-machine/replicator.git
Meituan-Dianping/Zebra,5.1.40,"2022-12-08 00:53:32",git://github.com/Meituan-Dianping/Zebra.git
alibaba/yugong,5.1.35,"2023-03-06 14:35:25",git://github.com/alibaba/yugong.git
wsvip/datasync,5.1.24,"2022-06-21 01:07:40",git://github.com/wsvip/datasync.git
wuwen5/ojdbc-mysql2oracle,8.0.16,"2022-02-21 06:11:20",git://github.com/wuwen5/ojdbc-mysql2oracle.git
rong360/cdc,5.1.46,"2018-11-16 05:48:54",git://github.com/rong360/cdc.git
anychart-integrations/java-jsp-jdbc-mysql-template,5.1.39,"2017-12-21 04:22:43",git://github.com/anychart-integrations/java-jsp-jdbc-mysql-template.git
webmagic-io/jobhunter,5.1.18,"2016-11-22 01:58:01",git://github.com/webmagic-io/jobhunter.git
zheng93775/mysql-lock,5.1.40,"2022-06-21 01:14:03",git://github.com/zheng93775/mysql-lock.git
liu-weihao/kettle,5.1.41,"2018-06-05 07:19:45",git://github.com/liu-weihao/kettle.git
asyncer-io/r2dbc-mysql,8.0.32,"2023-04-09 14:27:26",git://github.com/asyncer-io/r2dbc-mysql.git
GEngine-JP/GEngine,8.0.22,"2022-10-05 00:25:06",git://github.com/GEngine-JP/GEngine.git
cj466/xxl-job-mysql-oracle,8.0.19,"2021-08-13 15:25:54",git://github.com/cj466/xxl-job-mysql-oracle.git
macrozheng/mall,8.0.29,"2023-04-10 07:14:06",git://github.com/macrozheng/mall.git
goudai/gd-generator,5.1.35,"2022-11-15 23:46:33",git://github.com/goudai/gd-generator.git
noveogroup-amorgunov/spring-mvc-react,5.1.29,"2017-04-29 04:42:55",git://github.com/noveogroup-amorgunov/spring-mvc-react.git
joumenharzli/spring-rdbms-cdc-kafka-elasticsearch,5.1.46,"2021-01-14 16:23:50",git://github.com/joumenharzli/spring-rdbms-cdc-kafka-elasticsearch.git
airlift/testing-mysql-server,5.1.46,"2021-05-17 23:26:51",git://github.com/airlift/testing-mysql-server.git
yusufsefasezer/java-jsp-diary,8.0.18,"2022-07-01 17:32:23",git://github.com/yusufsefasezer/java-jsp-diary.git
leandrocgsi/semeru_jsf_maven,5.1.9,"2018-09-14 14:03:08",git://github.com/leandrocgsi/semeru_jsf_maven.git
gaoxianglong/shark,5.1.29,"2017-07-28 10:26:55",git://github.com/gaoxianglong/shark.git
codedrinker/community,5.1.45,"2022-06-21 01:28:12",git://github.com/codedrinker/community.git
phycholee/SpringBoot_Demo,5.1.38,"2016-12-08 13:33:52",git://github.com/phycholee/SpringBoot_Demo.git
swapnildipankar/java_jersey_spring_hibernate_maven,5.1.24,"2013-04-10 18:36:24",git://github.com/swapnildipankar/java_jersey_spring_hibernate_maven.git
GoogleCloudPlatform/appengine-cloudsql-native-mysql-jdbc-demo-java,5.1.25,"2018-01-08 23:06:10",git://github.com/GoogleCloudPlatform/appengine-cloudsql-native-mysql-jdbc-demo-java.git
justinbaby/seckill-demo,8.0.16,"2023-03-31 16:40:24",git://github.com/justinbaby/seckill-demo.git
xujeff/tianti,5.1.22,"2022-05-20 09:31:18",git://github.com/xujeff/tianti.git
goodrain-apps/spring-boot-mysql-demo,5.1.9,"2018-09-25 08:54:19",git://github.com/goodrain-apps/spring-boot-mysql-demo.git
huija/bicycleSharingServer,8.0.11,"2019-02-27 14:06:13",git://github.com/huija/bicycleSharingServer.git
vran-dev/databasir,8.0.27,"2023-03-23 04:16:58",git://github.com/vran-dev/databasir.git
asdhammu/Restaurant,5.1.9,"2022-12-16 06:39:55",git://github.com/asdhammu/Restaurant.git
juanwolf/mysql-binlog-replicator,0.2.2,"2015-08-28 14:38:10",git://github.com/juanwolf/mysql-binlog-replicator.git
apache/shardingsphere,5.1.47,"2023-04-11 02:38:09",git://github.com/apache/shardingsphere.git
GoogleCloudPlatform/appengine-cloudsql-native-mysql-datanucleus-jdo-demo-java,5.1.25,"2018-01-08 23:05:18",git://github.com/GoogleCloudPlatform/appengine-cloudsql-native-mysql-datanucleus-jdo-demo-java.git
houbb/metadata,5.1.34,"2018-06-27 03:36:31",git://github.com/houbb/metadata.git
itfsw/mybatis-generator-plugin,8.0.16,"2022-06-20 23:01:55",git://github.com/itfsw/mybatis-generator-plugin.git
polardb/polardbx-sql,5.1.49,"2023-04-07 06:56:04",git://github.com/polardb/polardbx-sql.git
EShineYu/nacos-2.0.0-mysql-postgresql,8.0.21,"2021-04-10 05:09:31",git://github.com/EShineYu/nacos-2.0.0-mysql-postgresql.git
KUMAR-REDDY-BAVANASI/petclinic-docker-mysql,8.0.19,"2022-11-30 06:43:18",git://github.com/KUMAR-REDDY-BAVANASI/petclinic-docker-mysql.git
macrozheng/mall-swarm,8.0.29,"2023-01-04 01:47:59",git://github.com/macrozheng/mall-swarm.git
yiding-he/mysql-sequence-generator,8.0.29,"2023-01-13 03:02:11",git://github.com/yiding-he/mysql-sequence-generator.git
liquibase/liquibase-percona,8.0.30,"2023-04-07 11:57:18",git://github.com/liquibase/liquibase-percona.git
xin497668869/binlog2sql_java,5.1.41,"2019-02-13 03:49:59",git://github.com/xin497668869/binlog2sql_java.git
GoogleCloudPlatform/appengine-cloudsql-native-mysql-eclipselink-jpa-demo-java,5.1.25,"2018-01-08 23:04:13",git://github.com/GoogleCloudPlatform/appengine-cloudsql-native-mysql-eclipselink-jpa-demo-java.git
handosme/mybatis-generator-plus,5.1.37,"2021-10-15 06:02:03",git://github.com/handosme/mybatis-generator-plus.git
dolyw/ShiroJwt,5.1.46,"2022-06-21 00:47:32",git://github.com/dolyw/ShiroJwt.git
liuht777/Taroco,5.1.47,"2022-06-21 00:48:12",git://github.com/liuht777/Taroco.git
hellokoding/jooq-mysql,6.0.3,"2016-07-11 04:30:55",git://github.com/hellokoding/jooq-mysql.git
binghe001/mykit-data,5.1.49,"2023-04-06 05:52:30",git://github.com/binghe001/mykit-data.git
jenkinsci/database-mysql-plugin,8.0.32,"2023-03-27 09:43:31",git://github.com/jenkinsci/database-mysql-plugin.git
anychart-integrations/java-spring-hibernate-mysql-template,5.1.36,"2017-12-21 04:22:01",git://github.com/anychart-integrations/java-spring-hibernate-mysql-template.git
muralindia/java_login_tomcat_mysql,8.0.13,"2022-09-08 18:08:04",git://github.com/muralindia/java_login_tomcat_mysql.git
DevDungeon/mysql2excel,5.1.18,"2018-03-26 03:47:20",git://github.com/DevDungeon/mysql2excel.git
GoogleCloudPlatform/appengine-cloudsql-native-mysql-datanucleus-jpa-demo-java,5.1.25,"2020-08-04 20:20:44",git://github.com/GoogleCloudPlatform/appengine-cloudsql-native-mysql-datanucleus-jpa-demo-java.git
yangengzhe/webChat,5.1.30,"2022-12-16 03:19:59",git://github.com/yangengzhe/webChat.git
Mrtenz/MySQLAPI,5.1.39,"2017-11-02 19:46:34",git://github.com/Mrtenz/MySQLAPI.git
guoyu511/vertx-mysql-binlog-client,5.1.38,"2017-10-29 03:00:19",git://github.com/guoyu511/vertx-mysql-binlog-client.git
yongzhuo/JavaLearning,5.1.43,"2019-03-26 03:04:27",git://github.com/yongzhuo/JavaLearning.git
FreeSlaver/maxwell-sink,5.1.39,"2022-06-25 11:11:40",git://github.com/FreeSlaver/maxwell-sink.git
oldwang666666/springboot-mysql-mybatis-demo,8.0.11,"2022-06-21 02:27:40",git://github.com/oldwang666666/springboot-mysql-mybatis-demo.git
KUMAR-REDDY-BAVANASI/petclinic-mysql-docker-compose,8.0.19,"2022-11-30 06:46:00",git://github.com/KUMAR-REDDY-BAVANASI/petclinic-mysql-docker-compose.git
chenshun00/o-mysql,5.1.22,"2019-01-03 07:28:38",git://github.com/chenshun00/o-mysql.git
dc-square/paho-wildcard-subscriber,5.1.24,"2013-04-19 09:44:08",git://github.com/dc-square/paho-wildcard-subscriber.git
SloppyJack/SimpleRecord_SpringBoot,8.0.20,"2022-06-21 03:58:21",git://github.com/SloppyJack/SimpleRecord_SpringBoot.git
freeacs/freeacs,8.0.15,"2021-09-04 09:31:07",git://github.com/freeacs/freeacs.git
SanjulaD/Hostel-Management-System,8.0.16,"2021-01-20 13:39:29",git://github.com/SanjulaD/Hostel-Management-System.git
theanswer910725/seckill,5.1.35,"2022-12-16 05:26:33",git://github.com/theanswer910725/seckill.git
liquibase/liquibase,8.0.30,"2023-04-11 01:27:42",git://github.com/liquibase/liquibase.git
hf200012/oceanus.bi,8.0.15,"2022-09-02 14:11:58",git://github.com/hf200012/oceanus.bi.git
sqlancer/sqlancer,8.0.30,"2023-04-09 15:57:26",git://github.com/sqlancer/sqlancer.git
neagkv/bot_arbitrage,5.1.6,"2018-01-31 23:12:37",git://github.com/neagkv/bot_arbitrage.git
sunkaifei/FlyCms,5.1.38,"2019-12-21 04:44:30",git://github.com/sunkaifei/FlyCms.git
DMinerJackie/JewelCrawler,5.1.38,"2019-03-24 02:21:27",git://github.com/DMinerJackie/JewelCrawler.git
mybatis-flex/mybatis-flex,5.1.49,"2023-04-10 10:31:01",git://github.com/mybatis-flex/mybatis-flex.git
lkmc2/SqlFaker,5.1.46,"2022-06-21 00:50:42",git://github.com/lkmc2/SqlFaker.git
NextMark/datashops,8.0.16,"2022-05-21 08:16:07",git://github.com/NextMark/datashops.git
itning/Student-Homework-Management-System,6.0.6,"2022-02-11 05:35:31",git://github.com/itning/Student-Homework-Management-System.git
HarshKapadia2/JDBC_LibraryManagementSystem,8.0.18,"2022-06-21 02:06:43",git://github.com/HarshKapadia2/JDBC_LibraryManagementSystem.git
guang19/framework-learning,8.0.18,"2022-09-08 01:20:10",git://github.com/guang19/framework-learning.git
lemonJun/TakinMysql,5.1.6,"2017-10-15 03:29:20",git://github.com/lemonJun/TakinMysql.git
andistoev/testing-pessimistic-locking-handling-spring-boot-jpa-mysql,8.0.20,"2021-01-03 21:50:17",git://github.com/andistoev/testing-pessimistic-locking-handling-spring-boot-jpa-mysql.git
danielme-com/Spring-3---JPA-2---Hibernate-4---c3p0---EHCache---log4j-Integration-Demo,5.1.43,"2017-08-31 17:14:31",git://github.com/danielme-com/Spring-3---JPA-2---Hibernate-4---c3p0---EHCache---log4j-Integration-Demo.git
shoukailiang/blog-community,8.0.21,"2022-06-21 01:40:33",git://github.com/shoukailiang/blog-community.git
sanyueruanjian/smpe-admin,5.1.48,"2021-09-02 07:10:00",git://github.com/sanyueruanjian/smpe-admin.git
xushaomin/apple-binlog,8.0.12,"2022-06-21 00:13:17",git://github.com/xushaomin/apple-binlog.git
liutaojava/litemall,5.1.46,"2023-03-04 09:53:06",git://github.com/liutaojava/litemall.git
mangila/spring-restful-jpa-flyway,8.0.29,"2022-05-16 21:24:22",git://github.com/mangila/spring-restful-jpa-flyway.git
rikturnbull/iam-jdbc-driver,5.1.46,"2018-04-25 17:41:08",git://github.com/rikturnbull/iam-jdbc-driver.git
xlorne/lorne_mysql,5.1.38,"2018-04-08 03:46:34",git://github.com/xlorne/lorne_mysql.git
sakserv/mysql-test-data-generator,5.1.34,"2015-05-12 13:48:26",git://github.com/sakserv/mysql-test-data-generator.git
hivemq/hivemq-database-example-plugin,5.1.31,"2022-06-21 00:46:34",git://github.com/hivemq/hivemq-database-example-plugin.git
HouariZegai/quiz-app,5.1.42,"2022-06-21 01:08:28",git://github.com/HouariZegai/quiz-app.git
ititandev/threadripper-chat-api,8.0.11,"2018-11-18 01:39:35",git://github.com/ititandev/threadripper-chat-api.git
geeker-lait/tasfe-framework,5.1.30,"2017-08-19 03:59:59",git://github.com/geeker-lait/tasfe-framework.git
juanwolf/mysql-binlog-replicator-example,1.0.5,"2015-07-31 07:58:44",git://github.com/juanwolf/mysql-binlog-replicator-example.git
arnaudsjs/YCSB-mysql-cluster-binding,5.1.6,"2015-03-03 18:21:50",git://github.com/arnaudsjs/YCSB-mysql-cluster-binding.git
qlik-oss/core-grpc-jdbc-connector,8.0.18,"2020-10-12 13:33:46",git://github.com/qlik-oss/core-grpc-jdbc-connector.git
hnjaman/spring-boot-microservices,5.1.6,"2020-03-01 17:09:05",git://github.com/hnjaman/spring-boot-microservices.git
wgzhao/Addax,8.0.28,"2023-04-10 00:57:53",git://github.com/wgzhao/Addax.git
frjufvjn/vertx-mybatis,5.1.25,"2022-06-29 17:00:59",git://github.com/frjufvjn/vertx-mybatis.git
gouwuwo/database-ddl-transfer,8.0.14,"2022-09-08 01:05:06",git://github.com/gouwuwo/database-ddl-transfer.git
YRREALLYCUTE/elasticsearch-analysis-dynamic-synonym-mysql,5.1.18,"2022-05-29 06:41:37",git://github.com/YRREALLYCUTE/elasticsearch-analysis-dynamic-synonym-mysql.git
feltex/academicnet,8.0.19,"2022-10-09 14:29:44",git://github.com/feltex/academicnet.git
SilverPaw-Reves/vertx-reves-mysql,8.0.18,"2020-12-31 08:14:37",git://github.com/SilverPaw-Reves/vertx-reves-mysql.git
ZhuoZhuoCrayon/IceMall,5.1.32,"2022-12-16 04:01:47",git://github.com/ZhuoZhuoCrayon/IceMall.git
waylau/lite,8.0.16,"2022-03-31 18:46:29",git://github.com/waylau/lite.git
springtainer/springtainer-mysql,8.0.32,"2023-03-30 11:24:32",git://github.com/springtainer/springtainer-mysql.git
yindz/crud-generator,8.0.28,"2022-11-23 22:25:37",git://github.com/yindz/crud-generator.git
scalar-labs/scalardb,8.0.31,"2023-04-11 01:19:58",git://github.com/scalar-labs/scalardb.git
liuxinglanyue/migration-tool,5.1.31,"2015-03-10 10:47:48",git://github.com/liuxinglanyue/migration-tool.git
ogz00/SpringMVC-SpringSecurity-MySql-Hibernate,5.1.35,"2015-07-12 20:45:00",git://github.com/ogz00/SpringMVC-SpringSecurity-MySql-Hibernate.git
ydespreaux/testcontainers,8.0.13,"2019-05-03 16:33:36",git://github.com/ydespreaux/testcontainers.git
ICEI-PUC-Minas-PPLES-TI/PLF-ES-2022-2-MON-CursoAPIJava,8.0.30,"2023-02-18 17:47:48",git://github.com/ICEI-PUC-Minas-PPLES-TI/PLF-ES-2022-2-MON-CursoAPIJava.git
yourkevin/NiterForum,5.1.46,"2023-02-22 07:31:04",git://github.com/yourkevin/NiterForum.git
sunshinezxf/Selling,5.1.35,"2018-10-17 08:26:37",git://github.com/sunshinezxf/Selling.git
jgperrin/net.jgp.books.spark.ch08,8.0.16,"2022-06-20 23:29:57",git://github.com/jgperrin/net.jgp.books.spark.ch08.git
x-zhang/hive-mysql,5.1.16,"2022-06-20 23:14:56",git://github.com/x-zhang/hive-mysql.git
killbill/testing-mysql-server,8.0.31,"2022-12-11 01:53:20",git://github.com/killbill/testing-mysql-server.git
paxoscn/mysql-protocol,8.0.23,"2022-12-29 11:03:37",git://github.com/paxoscn/mysql-protocol.git
Cleymobil/avengers-db,5.1.38,"2017-04-03 12:44:38",git://github.com/Cleymobil/avengers-db.git
fusesource/crowdmysql,5.1.6,"2010-12-29 14:46:07",git://github.com/fusesource/crowdmysql.git
yparsak/MVCHBRMYSQL,5.1.21,"2018-05-01 17:32:44",git://github.com/yparsak/MVCHBRMYSQL.git
dbford/Sample-MySQL-Message-Queue,8.0.19,"2022-06-21 03:02:35",git://github.com/dbford/Sample-MySQL-Message-Queue.git
helicalinsight/helicalinsight,8.0.22,"2023-02-22 06:10:09",git://github.com/helicalinsight/helicalinsight.git
Kevin0117rc/Spring-MVC-JQGrid,5.1.16,"2015-01-26 17:26:58",git://github.com/Kevin0117rc/Spring-MVC-JQGrid.git
seanaharrison/springmvc-hibernate-example,5.1.27,"2014-06-30 20:02:37",git://github.com/seanaharrison/springmvc-hibernate-example.git
Frost-Lee/Tiny-Library,5.1.6,"2022-06-21 01:05:51",git://github.com/Frost-Lee/Tiny-Library.git
guyplusplus/MySQL-Data-Compare,8.0.28,"2022-10-23 06:43:35",git://github.com/guyplusplus/MySQL-Data-Compare.git
jinshuai86/SecKillSystem,5.1.39,"2022-06-21 00:46:12",git://github.com/jinshuai86/SecKillSystem.git
izneus/bonfire-mysql,8.0.28,"2023-01-05 03:37:25",git://github.com/izneus/bonfire-mysql.git
ysc/data-generator,5.1.37,"2018-05-24 13:45:27",git://github.com/ysc/data-generator.git
blackteam-xingyu/mysqls-java,8.0.9,"2022-07-04 01:49:16",git://github.com/blackteam-xingyu/mysqls-java.git
pankajkhatiwada/hapi-fhir-jpaserver-oauth,6.0.5,"2019-11-21 19:24:07",git://github.com/pankajkhatiwada/hapi-fhir-jpaserver-oauth.git
yubinCloud/fairy-wiki,8.0.22,"2021-06-17 13:14:43",git://github.com/yubinCloud/fairy-wiki.git
marinsborg/UrlShortener-API,8.0.28,"2022-09-11 17:51:02",git://github.com/marinsborg/UrlShortener-API.git
ebean-orm-deprecated/ebean-test,8.0.16,"2020-10-12 23:13:28",git://github.com/ebean-orm-deprecated/ebean-test.git
nvguiyachuang/flink-cdc-mysql-to-doris,8.0.21,"2022-07-22 10:38:58",git://github.com/nvguiyachuang/flink-cdc-mysql-to-doris.git
lqc520/blog-boot,5.1.47,"2022-06-21 01:24:11",git://github.com/lqc520/blog-boot.git
HarshKapadia2/JDBC_AirlineManagementSystem,8.0.18,"2022-06-21 02:06:53",git://github.com/HarshKapadia2/JDBC_AirlineManagementSystem.git
Trivadis/sqldev-jdbc-proxy,8.0.30,"2022-09-10 08:50:30",git://github.com/Trivadis/sqldev-jdbc-proxy.git
ititandev/instagram-api-clone,8.0.11,"2018-11-23 20:31:40",git://github.com/ititandev/instagram-api-clone.git
siddhi-io/siddhi-store-rdbms,5.1.38,"2022-11-28 07:08:11",git://github.com/siddhi-io/siddhi-store-rdbms.git
zhengguohuang/community,8.0.16,"2021-04-27 11:20:53",git://github.com/zhengguohuang/community.git
Zhuoyuan1/EasyDataBaseExport,8.0.29,"2023-03-08 01:31:18",git://github.com/Zhuoyuan1/EasyDataBaseExport.git
purgeteam/data-source-spring-boot,0.1.0,"2020-05-16 08:22:30",git://github.com/purgeteam/data-source-spring-boot.git
andromedarabbit/mybatis-pagination,8.0.24,"2023-03-23 23:23:43",git://github.com/andromedarabbit/mybatis-pagination.git
HoffmanZheng/Multi-Threaded-Crawler,8.0.28,"2022-11-14 02:33:14",git://github.com/HoffmanZheng/Multi-Threaded-Crawler.git
darkunito/MySQL,5.1.34,"2015-03-02 06:22:53",git://github.com/darkunito/MySQL.git
Tibarn/mysql,5.1.34,"2015-10-01 15:07:44",git://github.com/Tibarn/mysql.git
SimplyRin/MySQL,8.0.12,"2018-09-04 14:35:47",git://github.com/SimplyRin/MySQL.git
Homyakin/ZakupkiParser,8.0.17,"2022-12-06 00:43:32",git://github.com/Homyakin/ZakupkiParser.git
liuanxin/mybatis-gen,8.0.28,"2022-09-25 14:07:36",git://github.com/liuanxin/mybatis-gen.git
zhoubenjian/mysql-mybatisplus,8.0.28,"2022-12-11 05:24:30",git://github.com/zhoubenjian/mysql-mybatisplus.git
yingzhuo/mysql-helper,8.0.26,"2021-08-26 00:59:20",git://github.com/yingzhuo/mysql-helper.git
YouUWd/mysql-server,8.0.25,"2023-03-07 03:17:31",git://github.com/YouUWd/mysql-server.git
ABitOfSquad/whatsapp-mysql,5.1.36,"2015-09-20 17:49:33",git://github.com/ABitOfSquad/whatsapp-mysql.git
ramostear/CKEditor5-SpringBoot,5.1.47,"2022-06-21 03:48:01",git://github.com/ramostear/CKEditor5-SpringBoot.git
yangyu9507/elasticsearch-analysis-ik-7.3.2,5.1.22,"2022-10-05 18:20:48",git://github.com/yangyu9507/elasticsearch-analysis-ik-7.3.2.git
hugolgst/pine-database,5.1.38,"2018-05-24 15:40:44",git://github.com/hugolgst/pine-database.git
xlvchao/spartacus,8.0.23,"2022-11-09 15:40:53",git://github.com/xlvchao/spartacus.git
aalperyilmaz/Java-JSP-Servlet-MySql-Blog-Project,8.0.26,"2021-10-07 21:54:32",git://github.com/aalperyilmaz/Java-JSP-Servlet-MySql-Blog-Project.git
YuLaiZ/spring-boot-mybatis-mysql-test-demo,5.1.45,"2018-01-18 08:24:24",git://github.com/YuLaiZ/spring-boot-mybatis-mysql-test-demo.git
mroldx/oldx-admin,8.0.16,"2022-06-21 01:26:55",git://github.com/mroldx/oldx-admin.git
exasol/mysql-virtual-schema,8.0.31,"2023-01-17 16:21:25",git://github.com/exasol/mysql-virtual-schema.git
help-lixin/db-double-write,5.1.35,"2023-02-13 05:31:33",git://github.com/help-lixin/db-double-write.git
jayden-lee/mysql-jdbc-example,8.0.13,"2019-01-30 12:32:08",git://github.com/jayden-lee/mysql-jdbc-example.git
nkonev/r2dbc-migrate,1.0.0,"2023-04-03 23:21:39",git://github.com/nkonev/r2dbc-migrate.git
furkanzumrut/product-management-system,5.1.35,"2015-06-13 00:37:30",git://github.com/furkanzumrut/product-management-system.git
huanmeng-qwq/SQLibrary,8.0.30,"2023-03-16 21:41:57",git://github.com/huanmeng-qwq/SQLibrary.git
joyang1/SoftwareSystemOfDlpu,5.1.45,"2018-12-27 05:40:12",git://github.com/joyang1/SoftwareSystemOfDlpu.git
wahello/xproject,5.1.31,"2017-04-27 10:33:39",git://github.com/wahello/xproject.git
liyo300687/datatransfer,5.1.35,"2018-07-17 02:41:00",git://github.com/liyo300687/datatransfer.git
nikitakoliadin/BookManager,8.0.12,"2018-08-09 10:51:19",git://github.com/nikitakoliadin/BookManager.git
ssrskl/QuickDevelop,8.0.22,"2023-01-06 05:12:19",git://github.com/ssrskl/QuickDevelop.git
Bartac/avengers-db,5.1.38,"2017-04-03 09:41:45",git://github.com/Bartac/avengers-db.git
coderoom-cn/canal-adapter,5.1.47,"2022-06-21 02:33:55",git://github.com/coderoom-cn/canal-adapter.git
halfkong/entity-generator,5.1.39,"2017-11-05 14:16:58",git://github.com/halfkong/entity-generator.git
PotatoDotJar/Whitelist-Sync-2-Spigot,8.0.28,"2022-08-16 20:52:40",git://github.com/PotatoDotJar/Whitelist-Sync-2-Spigot.git
XeraPlugins/XeraHomes,5.1.41,"2022-06-21 04:02:09",git://github.com/XeraPlugins/XeraHomes.git
waelawada/generic-reporter,5.1.26,"2014-08-14 02:32:48",git://github.com/waelawada/generic-reporter.git
lqc520/mall,5.1.46,"2022-12-16 04:46:51",git://github.com/lqc520/mall.git
xxzhwx/mysql4j,5.1.36,"2016-06-15 13:11:10",git://github.com/xxzhwx/mysql4j.git
zhangjunchao09/MysqlJavaCode,8.0.16,"2022-06-21 00:56:28",git://github.com/zhangjunchao09/MysqlJavaCode.git
dingli1985/MysqlToHive,5.1.47,"2020-12-07 05:45:06",git://github.com/dingli1985/MysqlToHive.git
tibeque/mysqlToExcel,5.1.38,"2022-06-21 03:19:01",git://github.com/tibeque/mysqlToExcel.git
gordthompson/MysqlToAccess,8.0.28,"2022-06-20 23:03:53",git://github.com/gordthompson/MysqlToAccess.git
sreev/xproto-mysql8,6.0.6,"2017-05-15 22:11:48",git://github.com/sreev/xproto-mysql8.git
wyndem/mysqlDataSyncPlugin,8.0.28,"2023-01-27 08:11:36",git://github.com/wyndem/mysqlDataSyncPlugin.git
Ootmnt150oO/Economy-MysqlProvide,8.0.28,"2022-04-04 15:55:08",git://github.com/Ootmnt150oO/Economy-MysqlProvide.git
joker-pper/mysql2excel,8.0.17,"2021-10-17 10:08:44",git://github.com/joker-pper/mysql2excel.git
Sahsanem/Java-MySql-Servlet-Web-Application-Blog-Project,8.0.26,"2021-10-07 17:32:01",git://github.com/Sahsanem/Java-MySql-Servlet-Web-Application-Blog-Project.git
247452312/my,8.0.19,"2023-03-30 07:08:05",git://github.com/247452312/my.git
berroteran/java_simple_crud,5.1.26,"2022-09-08 00:19:11",git://github.com/berroteran/java_simple_crud.git
inversion-api/inversion-engine,8.0.32,"2023-04-10 19:27:26",git://github.com/inversion-api/inversion-engine.git
MaslovD/dmitr.io-security-jwt-spring-boot-mysql,5.1.6,"2017-05-21 21:34:47",git://github.com/MaslovD/dmitr.io-security-jwt-spring-boot-mysql.git
git-thaitech/ecommerce-jsp-servlet,5.1.46,"2021-08-09 03:41:21",git://github.com/git-thaitech/ecommerce-jsp-servlet.git
ysalmin/classifieds-app,5.1.21,"2015-05-21 19:01:55",git://github.com/ysalmin/classifieds-app.git
seailz/Database4J,8.0.29,"2023-01-14 17:53:03",git://github.com/seailz/Database4J.git
zhangpeibisha/supplyChainSystem,5.1.38,"2018-05-16 07:34:53",git://github.com/zhangpeibisha/supplyChainSystem.git
ravindrasinghh/spring3hibenatee,5.0.5,"2022-12-15 23:32:19",git://github.com/ravindrasinghh/spring3hibenatee.git
AskMeAgain/Event-Meshinery,8.0.27,"2022-07-09 14:16:11",git://github.com/AskMeAgain/Event-Meshinery.git
jwpttcg66/NettyGameServer,5.1.30,"2023-03-24 00:55:16",git://github.com/jwpttcg66/NettyGameServer.git
project26usatu/server,8.0.24,"2021-12-09 08:43:49",git://github.com/project26usatu/server.git
liuzhengtao/mysqldoc,5.1.20,"2018-04-28 06:27:28",git://github.com/liuzhengtao/mysqldoc.git
dwhgygzt/mysqlflashback,8.0.29,"2022-09-01 09:36:49",git://github.com/dwhgygzt/mysqlflashback.git
howcurious/survey,0.8.2,"2023-01-04 02:52:58",git://github.com/howcurious/survey.git
Tianhaoy/hanzo-cloud,8.0.16,"2022-02-27 05:43:39",git://github.com/Tianhaoy/hanzo-cloud.git
flownclouds/Timo,5.1.27,"2015-09-17 03:36:55",git://github.com/flownclouds/Timo.git
thisisnzed/EasySQL,8.0.26,"2022-12-26 11:02:49",git://github.com/thisisnzed/EasySQL.git
putuwaw/movie-app,8.0.30,"2023-03-20 04:08:03",git://github.com/putuwaw/movie-app.git
kubAretip/spring-micro-websocket-chat,8.0.22,"2023-02-03 06:09:06",git://github.com/kubAretip/spring-micro-websocket-chat.git
luhongbin/bidding,5.1.46,"2021-12-01 11:23:36",git://github.com/luhongbin/bidding.git
ElizaZu/datatables-with-spring-example,5.1.31,"2018-11-23 14:13:30",git://github.com/ElizaZu/datatables-with-spring-example.git
zxjpro/bigsql,5.1.46,"2018-08-25 08:43:30",git://github.com/zxjpro/bigsql.git
zhengkaixing/kxmall,8.0.15,"2022-11-22 14:36:59",git://github.com/zhengkaixing/kxmall.git
86dbs/dbsyncer,5.1.40,"2023-04-07 09:01:03",git://github.com/86dbs/dbsyncer.git
xhigher/xnetty-http-server,6.0.5,"2022-06-27 17:28:26",git://github.com/xhigher/xnetty-http-server.git
omarlamin01/Dairy-Farm-Management-System,8.0.31,"2023-01-05 14:41:32",git://github.com/omarlamin01/Dairy-Farm-Management-System.git
volewu/CMS,5.1.29,"2018-04-27 09:43:54",git://github.com/volewu/CMS.git
360matt-archives/CitronDB,8.0.26,"2021-10-25 03:00:22",git://github.com/360matt-archives/CitronDB.git
TianYu-hpu/oracle-mysql,5.1.30,"2018-10-19 08:14:30",git://github.com/TianYu-hpu/oracle-mysql.git
tlhhup/ES-mysql,5.1.40,"2018-03-16 15:57:13",git://github.com/tlhhup/ES-mysql.git
fl0wo/springboot-mysql,8.0.17,"2022-06-21 01:56:39",git://github.com/fl0wo/springboot-mysql.git
xLikeAlex/api-mysql,8.0.32,"2023-02-23 09:43:38",git://github.com/xLikeAlex/api-mysql.git
faizan-ali/full-javaee-app,5.1.38,"2016-12-30 23:13:11",git://github.com/faizan-ali/full-javaee-app.git
DerSauron/MySQLCompare,5.1.49,"2021-02-23 17:40:19",git://github.com/DerSauron/MySQLCompare.git
DTU-GROUP17/Mysql-Project,8.0.28,"2022-06-21 11:39:27",git://github.com/DTU-GROUP17/Mysql-Project.git
MandaJC/maven_mysql,8.0.11,"2022-06-21 01:49:12",git://github.com/MandaJC/maven_mysql.git
ferrandiaz/servletMysql,5.1.29,"2014-03-21 10:37:17",git://github.com/ferrandiaz/servletMysql.git
LucxxM/MySQLJava,8.0.20,"2022-09-10 19:35:53",git://github.com/LucxxM/MySQLJava.git
JavaServerGroup/jtool-mysql,5.1.34,"2016-02-02 02:38:28",git://github.com/JavaServerGroup/jtool-mysql.git
Jiemamy/dialect-mysql,5.0.8,"2013-12-19 08:27:27",git://github.com/Jiemamy/dialect-mysql.git
deipss/scheduling-mysql,8.0.11,"2022-11-02 13:15:07",git://github.com/deipss/scheduling-mysql.git
aixuebo/mysql_log,5.1.33,"2017-11-14 11:27:34",git://github.com/aixuebo/mysql_log.git
lanhuidong/mysql-tools,5.1.32,"2017-02-16 09:38:02",git://github.com/lanhuidong/mysql-tools.git
LordFabricio/ProdutosMysql,5.1.44,"2017-12-06 17:32:12",git://github.com/LordFabricio/ProdutosMysql.git
Anchor89/MySQLDeploy,5.1.27,"2013-12-27 07:10:26",git://github.com/Anchor89/MySQLDeploy.git
constantin-p/mysql-store,5.1.42,"2017-05-22 21:17:49",git://github.com/constantin-p/mysql-store.git
misselvexu/binlog-mysql,5.1.36,"2016-12-09 03:12:03",git://github.com/misselvexu/binlog-mysql.git
rob2universe/camunda-mysql,8.0.21,"2020-10-06 04:25:59",git://github.com/rob2universe/camunda-mysql.git
abhinav-cleo/hibernate-mysql,5.1.9,"2016-12-21 08:18:35",git://github.com/abhinav-cleo/hibernate-mysql.git
deemakuzovkin/hibernate-mysql,5.1.36,"2019-02-03 13:09:24",git://github.com/deemakuzovkin/hibernate-mysql.git
CraftTogetherMC/MySQLAdapter,8.0.31,"2023-01-04 23:05:19",git://github.com/CraftTogetherMC/MySQLAdapter.git
Madhusanka-slc/mysql-orm,8.0.31,"2023-01-06 12:15:02",git://github.com/Madhusanka-slc/mysql-orm.git
ampinkus/ArticuloMysql,8.0.29,"2022-07-27 22:52:37",git://github.com/ampinkus/ArticuloMysql.git
zhaochuninhefei/mysql-test,8.0.22,"2022-10-17 06:12:27",git://github.com/zhaochuninhefei/mysql-test.git
LoicDelorme/Polytech-CryptoWallet-Backend,6.0.6,"2018-02-13 15:20:44",git://github.com/LoicDelorme/Polytech-CryptoWallet-Backend.git
wz2cool/canal-utils,8.0.16,"2022-06-21 01:06:29",git://github.com/wz2cool/canal-utils.git
DiceTechnology/dice-fairlink,8.0.17,"2023-02-14 16:51:45",git://github.com/DiceTechnology/dice-fairlink.git
