apache/storm,0.11.0,"2023-04-07 21:01:59",git://github.com/apache/storm.git
mesos/storm,1.0.6,"2021-08-17 05:28:43",git://github.com/mesos/storm.git
hmsonline/storm-cassandra,0.9.0,"2020-10-12 20:54:13",git://github.com/hmsonline/storm-cassandra.git
ptgoetz/storm-jms,1.0.2,"2022-12-15 23:26:05",git://github.com/ptgoetz/storm-jms.git
wurstmeister/storm-kafka-0.8-plus,0.9.1,"2015-05-18 18:06:20",git://github.com/wurstmeister/storm-kafka-0.8-plus.git
ppat/storm-rabbitmq,1.0.2,"2018-07-27 07:18:57",git://github.com/ppat/storm-rabbitmq.git
eshioji/trident-tutorial,0.9.2,"2020-02-11 05:07:28",git://github.com/eshioji/trident-tutorial.git
jrkinley-zz/storm-hbase,0.8.2,"2013-04-29 15:09:25",git://github.com/jrkinley-zz/storm-hbase.git
NetherlandsForensicInstitute/kafka-spout,1.1.0,"2021-01-08 09:01:55",git://github.com/NetherlandsForensicInstitute/kafka-spout.git
P7h/StormTweetsSentimentAnalysis,0.9.3,"2016-08-06 07:35:59",git://github.com/P7h/StormTweetsSentimentAnalysis.git
ptgoetz/storm-hdfs,0.9.1,"2017-07-21 00:51:58",git://github.com/ptgoetz/storm-hdfs.git
rapportive-oss/storm-amqp-spout,0.5.4,"2012-10-03 20:34:55",git://github.com/rapportive-oss/storm-amqp-spout.git
rapportive-oss/storm-json,0.5.3,"2020-02-11 15:01:31",git://github.com/rapportive-oss/storm-json.git
Paleozoic/storm_spring_boot_demo,1.1.0,"2018-12-06 06:35:26",git://github.com/Paleozoic/storm_spring_boot_demo.git
qidasheng/storm-kafka-xlog,0.9.2,"2014-12-03 07:04:33",git://github.com/qidasheng/storm-kafka-xlog.git
manuzhang/storm-benchmark,0.9.3,"2016-07-23 12:48:53",git://github.com/manuzhang/storm-benchmark.git
stormpath/stormpath-shiro,1.5.0,"2017-05-01 15:29:47",git://github.com/stormpath/stormpath-shiro.git
hmsonline/storm-cassandra-cql,0.9.1,"2020-02-11 05:30:18",git://github.com/hmsonline/storm-cassandra-cql.git
P7h/StormTweetsSentimentD3Viz,0.9.3,"2015-01-08 10:58:07",git://github.com/P7h/StormTweetsSentimentD3Viz.git
granthenke/storm-spring,0.8.1,"2014-03-20 22:32:06",git://github.com/granthenke/storm-spring.git
wurstmeister/storm-kafka-0.8-plus-test,0.9.3,"2018-03-02 17:50:56",git://github.com/wurstmeister/storm-kafka-0.8-plus-test.git
endgameinc/storm-metrics-statsd,0.9.0,"2016-09-20 09:15:59",git://github.com/endgameinc/storm-metrics-statsd.git
lucidworks/storm-solr,0.9.4,"2022-11-16 04:53:25",git://github.com/lucidworks/storm-solr.git
mvogiatzis/first-stories-twitter,0.8.2,"2020-02-11 06:15:32",git://github.com/mvogiatzis/first-stories-twitter.git
xpleaf/storm-statistic,1.0.2,"2018-12-26 02:16:35",git://github.com/xpleaf/storm-statistic.git
ptgoetz/storm-hbase,0.9.2,"2016-07-08 06:21:15",git://github.com/ptgoetz/storm-hbase.git
P7h/storm-camel-example,0.9.3,"2015-01-04 22:46:57",git://github.com/P7h/storm-camel-example.git
bullet-db/bullet-storm,2.2.0,"2022-05-20 20:49:26",git://github.com/bullet-db/bullet-storm.git
flipkart-incubator/storm-mysql,1.0.3,"2017-06-13 09:09:58",git://github.com/flipkart-incubator/storm-mysql.git
hortonworks/streamline,1.2.2,"2023-01-20 14:39:41",git://github.com/hortonworks/streamline.git
wurstmeister/storm-s3,0.9.3,"2018-10-07 12:47:06",git://github.com/wurstmeister/storm-s3.git
mvalleavila/Kafka-Storm-ElasticSearch,0.3.0,"2016-03-09 20:16:33",git://github.com/mvalleavila/Kafka-Storm-ElasticSearch.git
hmsonline/trident-elasticsearch,0.9.0,"2015-05-07 02:34:59",git://github.com/hmsonline/trident-elasticsearch.git
realxujiang/storm-kafka-examples,0.10.1,"2016-11-28 02:02:28",git://github.com/realxujiang/storm-kafka-examples.git
staslev/storm-metrics-reporter,1.0.1,"2016-10-28 23:05:44",git://github.com/staslev/storm-metrics-reporter.git
fenlan/storm-nginx-log,1.1.1,"2018-06-01 10:54:50",git://github.com/fenlan/storm-nginx-log.git
OpenSOC/opensoc-streaming,0.9.2,"2020-02-11 15:22:04",git://github.com/OpenSOC/opensoc-streaming.git
fhussonnois/storm-trident-elasticsearch,0.9.3,"2015-05-18 07:54:38",git://github.com/fhussonnois/storm-trident-elasticsearch.git
politie/breeze,1.1.3,"2018-11-13 14:43:19",git://github.com/politie/breeze.git
ptgoetz/flux,0.9.3,"2015-07-09 15:41:22",git://github.com/ptgoetz/flux.git
P7h/StormTweetsWordCount,0.9.3,"2015-01-03 01:26:20",git://github.com/P7h/StormTweetsWordCount.git
pandening/storm-ml,0.9.2,"2022-11-04 22:41:19",git://github.com/pandening/storm-ml.git
socialsensor/storm-focused-crawler,0.8.2,"2015-02-18 10:25:18",git://github.com/socialsensor/storm-focused-crawler.git
hkropp/storm-hive-streaming-example,0.10.0,"2015-09-27 11:11:06",git://github.com/hkropp/storm-hive-streaming-example.git
Azure-Samples/hdinsight-java-storm-eventhub,1.1.0,"2020-01-19 20:53:28",git://github.com/Azure-Samples/hdinsight-java-storm-eventhub.git
miguelantonio/storm-esper-bolt,1.0.1,"2016-06-02 04:50:32",git://github.com/miguelantonio/storm-esper-bolt.git
wuzhongdehua/fksm,1.0.0,"2016-06-02 01:53:47",git://github.com/wuzhongdehua/fksm.git
hdinsight/storm-eventhubs,0.10.0,"2017-01-06 20:26:19",git://github.com/hdinsight/storm-eventhubs.git
christiangda/storm-metrics-influxdb,1.0.3,"2017-06-08 10:00:18",git://github.com/christiangda/storm-metrics-influxdb.git
sakserv/storm-topology-examples,0.9.3,"2015-07-04 14:13:51",git://github.com/sakserv/storm-topology-examples.git
dfilimon/streaming-storm,0.8.2,"2013-05-31 17:14:28",git://github.com/dfilimon/streaming-storm.git
hivemq/hivemq-stormpath-plugin,0.9.3,"2020-10-13 09:19:57",git://github.com/hivemq/hivemq-stormpath-plugin.git
mjsax/aeolus,0.9.3,"2017-12-18 07:28:08",git://github.com/mjsax/aeolus.git
wizenoze/storm-metrics-reporter-prometheus,1.2.2,"2021-12-08 18:53:05",git://github.com/wizenoze/storm-metrics-reporter-prometheus.git
fhussonnois/storm-hazelcast,0.9.2,"2014-09-08 20:16:31",git://github.com/fhussonnois/storm-hazelcast.git
P7h/StormWordCount,0.9.3,"2015-01-03 01:25:56",git://github.com/P7h/StormWordCount.git
vincenzo-gulisano/Bes,0.9.3,"2017-07-07 20:05:09",git://github.com/vincenzo-gulisano/Bes.git
P7h/StormTweetsSentimentD3UKViz,0.9.3,"2015-01-22 00:12:06",git://github.com/P7h/StormTweetsSentimentD3UKViz.git
lorenzfischer/storm-scheduler,0.9.1,"2016-03-20 20:48:34",git://github.com/lorenzfischer/storm-scheduler.git
MBtech/stormbenchmark,1.0.1,"2018-05-06 16:00:52",git://github.com/MBtech/stormbenchmark.git
bigdataFlySQL/SQLonStorm,1.0.2,"2017-06-04 15:17:45",git://github.com/bigdataFlySQL/SQLonStorm.git
huangyueranbbc/StormDemo,1.0.5,"2022-11-04 22:47:19",git://github.com/huangyueranbbc/StormDemo.git
danigiri/storm-sockets,0.9.1,"2014-04-22 08:49:05",git://github.com/danigiri/storm-sockets.git
yifzhang/storm-miclog,0.9.0,"2014-11-14 03:24:31",git://github.com/yifzhang/storm-miclog.git
mraible/jhipster-stormpath-example,1.1.2,"2020-09-13 08:00:38",git://github.com/mraible/jhipster-stormpath-example.git
dzikowski/simple-kafka-storm-java,0.10.0,"2014-12-07 12:06:08",git://github.com/dzikowski/simple-kafka-storm-java.git
mvalleavila/AuditTopology-ES,0.3.0,"2016-03-08 18:56:25",git://github.com/mvalleavila/AuditTopology-ES.git
NDPMediaCorp/RocketMQ-Storm,0.9.4,"2016-09-05 11:08:44",git://github.com/NDPMediaCorp/RocketMQ-Storm.git
kitmenke/storm-stlhug-demo,1.1.3,"2020-11-25 20:04:22",git://github.com/kitmenke/storm-stlhug-demo.git
P7h/StormTopHashtags,0.9.3,"2015-01-03 01:26:58",git://github.com/P7h/StormTopHashtags.git
LianjiaTech/Storm-Counter,0.9.1,"2016-02-24 16:03:12",git://github.com/LianjiaTech/Storm-Counter.git
revans2/storm-tutorial,0.9.3,"2015-03-09 21:31:38",git://github.com/revans2/storm-tutorial.git
DhruvKumar/iot-lab,0.10.0,"2015-10-11 07:06:48",git://github.com/DhruvKumar/iot-lab.git
desp0916/LearnStorm,0.10.0,"2017-05-22 14:09:52",git://github.com/desp0916/LearnStorm.git
domenicosolazzo/Log-Processer,0.8.1,"2022-06-17 22:19:13",git://github.com/domenicosolazzo/Log-Processer.git
xfoursea/kafka-storm-hbase,0.9.1,"2014-07-10 19:06:03",git://github.com/xfoursea/kafka-storm-hbase.git
forter/storm-data-contracts,1.2.2,"2023-03-21 19:16:08",git://github.com/forter/storm-data-contracts.git
Azure-Samples/hdinsight-storm-azure-data-lake-store,1.1.3,"2022-04-12 21:54:28",git://github.com/Azure-Samples/hdinsight-storm-azure-data-lake-store.git
epokmedia/storm-local-multilang,0.7.0,"2020-10-12 19:39:09",git://github.com/epokmedia/storm-local-multilang.git
mvalleavila/StormTopology-AuditActiveLogins,0.3.0,"2016-03-09 21:17:11",git://github.com/mvalleavila/StormTopology-AuditActiveLogins.git
calrissian/flowmix,0.9.2,"2016-03-10 21:45:21",git://github.com/calrissian/flowmix.git
mbalassi/iterative-storm-examples,0.9.2,"2014-07-07 15:40:08",git://github.com/mbalassi/iterative-storm-examples.git
ffr4nz/kafkaStorm,1.2.2,"2019-04-13 08:32:50",git://github.com/ffr4nz/kafkaStorm.git
gdfm/partial-key-grouping,0.9.2,"2015-09-14 18:51:43",git://github.com/gdfm/partial-key-grouping.git
xuchanggen/SyncSpout,1.0.1,"2016-12-22 06:58:40",git://github.com/xuchanggen/SyncSpout.git
stumpyfr/storm-config,0.8.2,"2013-10-20 12:43:47",git://github.com/stumpyfr/storm-config.git
ilganeli/storm-fs-reader,0.9.3,"2015-05-06 19:16:53",git://github.com/ilganeli/storm-fs-reader.git
bbende/nifi-storm-topology,1.2.1,"2018-02-28 16:31:20",git://github.com/bbende/nifi-storm-topology.git
ogidogi/kafka-storm-hive,0.9.2,"2014-10-13 12:54:23",git://github.com/ogidogi/kafka-storm-hive.git
lasanthafdo/siddhi-storm,0.9.2,"2016-03-09 05:39:58",git://github.com/lasanthafdo/siddhi-storm.git
Symantec/data-pipe-storm,0.10.0,"2017-04-19 23:11:56",git://github.com/Symantec/data-pipe-storm.git
hpcc-systems/storm-cassandra-cql,0.9.1,"2015-04-22 20:24:28",git://github.com/hpcc-systems/storm-cassandra-cql.git
P7h/StormTopRetweets,0.9.3,"2015-01-03 01:26:50",git://github.com/P7h/StormTopRetweets.git
P7h/StormTweetsURLUnShortening,0.9.3,"2015-01-01 00:32:44",git://github.com/P7h/StormTweetsURLUnShortening.git
domenicosolazzo/click-topology,0.8.1,"2021-04-23 03:09:31",git://github.com/domenicosolazzo/click-topology.git
deric/storm-mesos,0.9.3,"2022-01-08 18:23:52",git://github.com/deric/storm-mesos.git
domenicosolazzo/storm-ecommerce,0.7.1,"2021-06-04 01:20:35",git://github.com/domenicosolazzo/storm-ecommerce.git
burov4j/storm-rabbitmq,1.2.2,"2019-04-02 05:29:40",git://github.com/burov4j/storm-rabbitmq.git
mumuhadoop/mumu-storm,1.2.0,"2018-05-08 01:07:50",git://github.com/mumuhadoop/mumu-storm.git
sunil3590/spiderz,0.9.4,"2017-05-05 01:02:28",git://github.com/sunil3590/spiderz.git
xuwujing/java-study,1.2.2,"2022-12-16 05:08:38",git://github.com/xuwujing/java-study.git
neur0nus/storm-clickhouse,1.1.3,"2018-10-23 09:17:12",git://github.com/neur0nus/storm-clickhouse.git
wangli1426/gpu-aware-storm,0.8.2,"2016-11-08 13:06:31",git://github.com/wangli1426/gpu-aware-storm.git
mathieuboniface/storm-metrics-influxdb,1.0.0,"2016-05-18 13:42:14",git://github.com/mathieuboniface/storm-metrics-influxdb.git
roshannaik/storm-benchmark-sol,1.0.0,"2019-12-15 11:58:46",git://github.com/roshannaik/storm-benchmark-sol.git
yangboz/SpringBootKafkaStorm,1.0.2,"2017-04-16 15:05:53",git://github.com/yangboz/SpringBootKafkaStorm.git
sumanthn/SketchOnStorm,0.9.1,"2016-03-09 21:21:56",git://github.com/sumanthn/SketchOnStorm.git
stormpath/stormpath-spring-zuul-gateway-example,1.5.0,"2017-04-17 15:58:43",git://github.com/stormpath/stormpath-spring-zuul-gateway-example.git
mengzhiyi/storm-hbase-1.0.x,0.9.6,"2016-03-03 16:14:48",git://github.com/mengzhiyi/storm-hbase-1.0.x.git
mvalleavila/storm-kafka-0.8-example,0.9.0,"2014-03-24 16:50:30",git://github.com/mvalleavila/storm-kafka-0.8-example.git
hemadabing/storm-elasticsearch,1.0.6,"2019-02-21 12:12:15",git://github.com/hemadabing/storm-elasticsearch.git
uzh/storm-scheduler,0.9.1,"2016-03-20 20:48:50",git://github.com/uzh/storm-scheduler.git
danigiri/storm-freeling,0.9.1,"2014-08-11 10:09:11",git://github.com/danigiri/storm-freeling.git
zergeborg/fogetti-phish-storm,1.0.1,"2016-06-25 05:35:45",git://github.com/zergeborg/fogetti-phish-storm.git
sakserv/storm-kafka-hdfs-example,0.10.0,"2017-04-22 16:07:38",git://github.com/sakserv/storm-kafka-hdfs-example.git
zaizi/alfresco-apache-storm-demo,0.9.4,"2015-05-06 14:11:58",git://github.com/zaizi/alfresco-apache-storm-demo.git
lovelock/storm-demo,0.10.0,"2016-10-18 09:34:34",git://github.com/lovelock/storm-demo.git
iaintshine/cdc,0.9.4,"2016-03-09 19:51:55",git://github.com/iaintshine/cdc.git
wang-xue-qiang/storm-area,1.1.0,"2022-06-21 00:51:01",git://github.com/wang-xue-qiang/storm-area.git
CGCL-codes/PStream,1.0.2,"2022-07-01 17:38:38",git://github.com/CGCL-codes/PStream.git
JayGo/stormcv-core,1.0.1,"2017-06-25 14:09:32",git://github.com/JayGo/stormcv-core.git
wang-xue-qiang/storm-uv,1.1.0,"2022-11-04 22:47:50",git://github.com/wang-xue-qiang/storm-uv.git
matt-smu/storm,0.11.0,"2019-02-13 10:56:18",git://github.com/matt-smu/storm.git
politie/breeze-kickstarter,0.9.0,"2015-11-19 08:16:54",git://github.com/politie/breeze-kickstarter.git
wang-xue-qiang/online_storm_platform_web,1.1.0,"2022-11-04 22:47:50",git://github.com/wang-xue-qiang/online_storm_platform_web.git
onestepbystep/storm,0.8.2,"2017-12-19 15:08:24",git://github.com/onestepbystep/storm.git
jianyu-m/storm,0.11.0,"2022-12-16 04:54:28",git://github.com/jianyu-m/storm.git
ghsy158/storm,1.0.1,"2016-08-28 07:59:52",git://github.com/ghsy158/storm.git
trguduru/storm,0.8.2,"2019-01-27 05:39:58",git://github.com/trguduru/storm.git
EdisonNi-hku/storm,0.11.0,"2022-12-16 04:54:26",git://github.com/EdisonNi-hku/storm.git
JerryYuYG/storm,0.8.2,"2018-03-26 08:25:33",git://github.com/JerryYuYG/storm.git
tguduru/storm,0.8.2,"2014-08-05 21:06:53",git://github.com/tguduru/storm.git
jiangjb/storm,0.8.2,"2018-07-14 06:17:31",git://github.com/jiangjb/storm.git
qinwang/storm,0.8.2,"2018-07-10 10:56:54",git://github.com/qinwang/storm.git
melih-maxitech/storm,0.11.0,"2022-12-16 04:52:56",git://github.com/melih-maxitech/storm.git
ctaram/Storm,0.9.3,"2015-04-11 14:46:18",git://github.com/ctaram/Storm.git
Tjcug/storm,0.8.2,"2018-07-02 09:52:37",git://github.com/Tjcug/storm.git
Victorhuo/storm,0.11.0,"2023-04-02 08:10:01",git://github.com/Victorhuo/storm.git
winterme/storm-study,1.2.3,"2019-12-16 09:25:01",git://github.com/winterme/storm-study.git
alahr/alahr-storm,1.1.3,"2018-10-17 12:32:43",git://github.com/alahr/alahr-storm.git
jaesonchen/storm-study,1.2.3,"2022-06-21 01:04:33",git://github.com/jaesonchen/storm-study.git
apivovarov/learn-storm,0.11.0,"2015-05-28 06:21:09",git://github.com/apivovarov/learn-storm.git
kanwarkakkar/stormCrawler,1.0.2,"2022-12-14 20:27:22",git://github.com/kanwarkakkar/stormCrawler.git
Frank-Wu/StormExamples,0.9.2,"2014-07-08 08:39:20",git://github.com/Frank-Wu/StormExamples.git
rajat19/StormTrooper,1.1.0,"2020-09-24 11:09:42",git://github.com/rajat19/StormTrooper.git
huangxiwei/StormHMS,0.8.1,"2012-12-10 20:45:45",git://github.com/huangxiwei/StormHMS.git
unilama/StormUnit,0.9.0,"2014-02-09 10:23:40",git://github.com/unilama/StormUnit.git
henussf/StormKafka,1.1.1,"2018-12-16 12:21:19",git://github.com/henussf/StormKafka.git
mvalleavila/StormPDU,0.1.2,"2014-08-28 18:36:26",git://github.com/mvalleavila/StormPDU.git
pqrsumit/StormExamples,1.2.3,"2019-07-30 02:43:38",git://github.com/pqrsumit/StormExamples.git
junhuac/StormProcessor,2.0.0,"2016-07-29 23:47:02",git://github.com/junhuac/StormProcessor.git
rolmovel/StormPDU,0.1.2,"2015-03-10 15:53:57",git://github.com/rolmovel/StormPDU.git
Tjcug/stormResearch,0.8.2,"2018-06-26 01:58:54",git://github.com/Tjcug/stormResearch.git
qinjie2012/StormAndEsperStudy,0.9.2,"2016-09-25 13:57:57",git://github.com/qinjie2012/StormAndEsperStudy.git
mvalleavila/StormRetailUseCase,0.3.0,"2016-03-09 21:17:34",git://github.com/mvalleavila/StormRetailUseCase.git
anroco/StormStreamingTwitter,0.9.3,"2015-05-16 16:23:55",git://github.com/anroco/StormStreamingTwitter.git
littleCatBobi/StormEBusAnalyse,1.1.0,"2018-04-06 17:40:18",git://github.com/littleCatBobi/StormEBusAnalyse.git
Ethanlm/stormZkCli,2.0.0,"2017-08-31 21:30:13",git://github.com/Ethanlm/stormZkCli.git
IMJIU/storm0.9,0.9.3,"2020-10-12 18:49:20",git://github.com/IMJIU/storm0.9.git
szd1007/storm1.0.2-learn,0.8.2,"2017-03-06 15:37:01",git://github.com/szd1007/storm1.0.2-learn.git
isep-rdi/MAWTweets,1.2.1,"2018-03-06 13:41:07",git://github.com/isep-rdi/MAWTweets.git
ShaunTheCode/sotrm-core,0.8.2,"2022-01-11 16:43:07",git://github.com/ShaunTheCode/sotrm-core.git
relekang/storm-wc,0.9.0,"2014-09-14 13:13:38",git://github.com/relekang/storm-wc.git
airy-ict/storm-demo,0.9.6,"2016-08-17 10:48:32",git://github.com/airy-ict/storm-demo.git
peefau/storm-kafka-example,0.10.1,"2017-07-20 09:39:15",git://github.com/peefau/storm-kafka-example.git
julianovidal/storm-redis,0.9.5,"2016-05-18 20:11:55",git://github.com/julianovidal/storm-redis.git
shaogx/storm-duang,0.9.3,"2016-03-09 06:08:25",git://github.com/shaogx/storm-duang.git
radcheb/Storm-tests,0.9.1,"2015-03-24 16:39:08",git://github.com/radcheb/Storm-tests.git
simonellistonball/storm-demo,0.9.1,"2014-12-16 22:46:11",git://github.com/simonellistonball/storm-demo.git
newnius/code4storm,2.1.1,"2017-08-19 06:54:55",git://github.com/newnius/code4storm.git
nikitap492/Storm-demo,1.1.1,"2017-11-21 07:20:15",git://github.com/nikitap492/Storm-demo.git
pbhalesain/storm-dc-scheduler,1.1.0,"2018-07-22 21:28:38",git://github.com/pbhalesain/storm-dc-scheduler.git
prakashd1/LadStorm,0.9.3,"2017-11-30 08:38:42",git://github.com/prakashd1/LadStorm.git
DavidNovo/storm-simple,0.9.1,"2019-04-14 20:02:20",git://github.com/DavidNovo/storm-simple.git
simonellistonball/storm-trident-demo,0.9.1,"2014-12-16 22:55:54",git://github.com/simonellistonball/storm-trident-demo.git
domenicosolazzo/tfidf-topology,0.9.0,"2021-04-23 03:09:29",git://github.com/domenicosolazzo/tfidf-topology.git
huangzehai/storm-example,1.2.1,"2018-05-05 09:31:37",git://github.com/huangzehai/storm-example.git
rvisweswara/storm_jms_atleastonce_amq,0.10.0,"2017-02-09 19:15:30",git://github.com/rvisweswara/storm_jms_atleastonce_amq.git
trungdinh98/autoscalingstorm,2.1.0,"2020-11-22 22:04:20",git://github.com/trungdinh98/autoscalingstorm.git
AaronNGray/storm-crawler-new,1.2.3,"2021-02-06 12:48:07",git://github.com/AaronNGray/storm-crawler-new.git
supunkamburugamuve/stormjms,0.9.0,"2014-04-09 21:02:29",git://github.com/supunkamburugamuve/stormjms.git
fimocode/stormsmarthome,2.1.0,"2022-12-14 20:45:57",git://github.com/fimocode/stormsmarthome.git
supunkamburugamuve/stormrabbit,0.9.0,"2014-04-15 16:20:41",git://github.com/supunkamburugamuve/stormrabbit.git
ale93p/namb,1.2.2,"2020-11-27 21:56:22",git://github.com/ale93p/namb.git
slon1024/hello-storm,0.7.1,"2014-02-19 21:00:11",git://github.com/slon1024/hello-storm.git
ezbake/ezbake-frack-storm,0.9.2,"2014-10-12 12:53:20",git://github.com/ezbake/ezbake-frack-storm.git
gridgentoo/data-pipe-storm,0.10.0,"2018-09-24 09:54:28",git://github.com/gridgentoo/data-pipe-storm.git
miguelangelprogramacion/storm-integration-testing,0.10.0,"2016-04-03 11:16:58",git://github.com/miguelangelprogramacion/storm-integration-testing.git
Writtic/enow-storm,1.0.2,"2016-08-17 14:55:03",git://github.com/Writtic/enow-storm.git
wususu/storm-cal-platform,1.2.2,"2019-03-27 17:07:56",git://github.com/wususu/storm-cal-platform.git
samueldeng/DistributedAudioEndpointRecognizer,0.9.0,"2016-03-09 21:05:13",git://github.com/samueldeng/DistributedAudioEndpointRecognizer.git
hudiehule/F-Storm,0.8.2,"2017-12-22 01:44:21",git://github.com/hudiehule/F-Storm.git
lindseyklanier/storm-code,0.8.2,"2017-01-31 02:43:24",git://github.com/lindseyklanier/storm-code.git
desp0916/APLogStorm,1.1.0,"2017-06-28 16:18:39",git://github.com/desp0916/APLogStorm.git
lbblock2/samoaStorm,0.8.2,"2015-03-19 22:52:08",git://github.com/lbblock2/samoaStorm.git
wangyangjun/Storm-window,0.10.0,"2016-01-12 12:05:35",git://github.com/wangyangjun/Storm-window.git
Martincu-Petru/ebs-storm,1.2.3,"2020-05-30 09:29:10",git://github.com/Martincu-Petru/ebs-storm.git
ADLINK-IST/vortex-storm,0.9.4,"2015-08-27 19:53:26",git://github.com/ADLINK-IST/vortex-storm.git
vincenzo-gulisano/Storm-Agg,0.9.2,"2014-12-08 15:40:21",git://github.com/vincenzo-gulisano/Storm-Agg.git
enricobacis/storm-joiner,0.9.1,"2014-07-22 09:02:01",git://github.com/enricobacis/storm-joiner.git
xiaodin1/storm-example,1.0.2,"2016-11-04 11:22:49",git://github.com/xiaodin1/storm-example.git
smallela1/eclkc-stormcrawl,1.2.2,"2018-10-16 17:51:53",git://github.com/smallela1/eclkc-stormcrawl.git
andressanchez/storm-mongodb,0.9.2,"2014-10-13 11:00:25",git://github.com/andressanchez/storm-mongodb.git
robinaly/ctit-storm,0.9.2,"2016-03-08 15:56:56",git://github.com/robinaly/ctit-storm.git
wangbin83-gmail-com/storm-jms,0.9.0,"2015-01-07 08:10:36",git://github.com/wangbin83-gmail-com/storm-jms.git
rmlanman/storm-demo,0.8.2,"2014-09-11 15:39:45",git://github.com/rmlanman/storm-demo.git
lolog/storm-demo,1.0.5,"2018-05-29 09:48:22",git://github.com/lolog/storm-demo.git
Naikelin/storm-test,2.2.0,"2022-07-11 04:34:18",git://github.com/Naikelin/storm-test.git
huachangYu/storm-threadpool,0.11.0,"2022-10-02 15:49:53",git://github.com/huachangYu/storm-threadpool.git
sulunemre/twitch-stream-analytics,1.2.2,"2022-09-01 23:07:18",git://github.com/sulunemre/twitch-stream-analytics.git
andressanchez/hipstogram-storm,0.9.2,"2014-10-13 11:27:46",git://github.com/andressanchez/hipstogram-storm.git
parstream/parstream-storm,0.10.0,"2015-10-09 12:59:32",git://github.com/parstream/parstream-storm.git
alienhan/storm-test,0.9.0,"2017-03-23 07:45:13",git://github.com/alienhan/storm-test.git
aficianado/dynamicStorm,1.1.0,"2022-05-20 22:04:26",git://github.com/aficianado/dynamicStorm.git
alexwangx/storm-benchmark,0.9.3,"2018-07-08 14:53:26",git://github.com/alexwangx/storm-benchmark.git
huachangYu/tp-storm,0.11.0,"2022-12-28 18:34:52",git://github.com/huachangYu/tp-storm.git
smazumder05/storm-analytics,0.6.0,"2014-07-11 14:30:25",git://github.com/smazumder05/storm-analytics.git
cttestid41/Apache_Storm,0.8.2,"2018-04-04 08:13:27",git://github.com/cttestid41/Apache_Storm.git
christiangda/test-kinesis-storm-spout,1.0.2,"2016-12-19 09:47:14",git://github.com/christiangda/test-kinesis-storm-spout.git
srwolf/Storm---Cassandra,0.9.0,"2015-03-27 17:17:18",git://github.com/srwolf/Storm---Cassandra.git
wuzhongdehua/storm_crawler,0.10.0,"2016-06-16 08:41:29",git://github.com/wuzhongdehua/storm_crawler.git
zeddliOficial4Real/storm-statistics,1.0.2,"2021-02-08 02:21:20",git://github.com/zeddliOficial4Real/storm-statistics.git
forter/storm-numultilang,0.9.3,"2023-03-21 19:35:37",git://github.com/forter/storm-numultilang.git
sheetaldolas/storm-hbase,0.9.0,"2014-09-19 20:55:20",git://github.com/sheetaldolas/storm-hbase.git
Amauris86/source_storm,0.9.3,"2016-10-31 12:59:49",git://github.com/Amauris86/source_storm.git
binghe001/storm-learning,1.1.0,"2019-02-13 05:10:38",git://github.com/binghe001/storm-learning.git
xpleaf/storm-study,1.0.2,"2018-04-16 12:56:17",git://github.com/xpleaf/storm-study.git
krotscheck/storm-toolkit,0.10.0,"2016-04-04 14:05:05",git://github.com/krotscheck/storm-toolkit.git
moremeds/livewire-storm,0.10.0,"2016-01-14 23:15:09",git://github.com/moremeds/livewire-storm.git
luismesalas/storm-example,1.0.1,"2016-05-30 10:00:00",git://github.com/luismesalas/storm-example.git
patw/storm-sample,0.9.1,"2014-12-16 14:26:08",git://github.com/patw/storm-sample.git
pestoura/Apache-Storm,0.11.0,"2023-03-18 17:53:39",git://github.com/pestoura/Apache-Storm.git
wang-xue-qiang/storm-kafka,1.1.0,"2022-06-21 00:50:47",git://github.com/wang-xue-qiang/storm-kafka.git
hudiehule/G-Storm,0.8.2,"2017-09-20 09:32:21",git://github.com/hudiehule/G-Storm.git
gitzsl17/kafka-storm,0.10.0,"2022-11-04 22:39:45",git://github.com/gitzsl17/kafka-storm.git
gridgentoo/storm-release,0.10.0,"2022-10-05 04:26:26",git://github.com/gridgentoo/storm-release.git
rauluka/stormtrooper-streams,2.1.0,"2020-06-08 20:58:22",git://github.com/rauluka/stormtrooper-streams.git
eawagner/storm-recipes,0.8.1,"2013-07-08 21:19:05",git://github.com/eawagner/storm-recipes.git
woophee/woophee-storm,1.2.1,"2018-03-24 09:17:13",git://github.com/woophee/woophee-storm.git
hurdad/storm-forex,0.9.0,"2014-02-24 03:54:19",git://github.com/hurdad/storm-forex.git
onyb/storm-project,0.9.2,"2016-03-09 08:57:51",git://github.com/onyb/storm-project.git
mberent/tweets-storm,1.0.2,"2017-03-19 21:07:03",git://github.com/mberent/tweets-storm.git
yida-lxw/storm-solr,1.0.2,"2022-11-16 04:54:22",git://github.com/yida-lxw/storm-solr.git
biandeshen/SandStorm,1.0.0,"2018-03-22 02:51:53",git://github.com/biandeshen/SandStorm.git
ggayapu/Apache-Storm,0.11.0,"2022-12-16 04:53:22",git://github.com/ggayapu/Apache-Storm.git
bpark/apache-storm-findata,1.1.1,"2018-02-14 16:25:35",git://github.com/bpark/apache-storm-findata.git
tstevens/storm-hdfs-spout,0.9.5,"2015-06-24 00:39:15",git://github.com/tstevens/storm-hdfs-spout.git
nebil-ben-mabrouk/Prostor-Stream-Groupings,1.0.2,"2017-01-18 18:01:28",git://github.com/nebil-ben-mabrouk/Prostor-Stream-Groupings.git
krotscheck/dataplay-workers,0.9.0,"2014-06-13 20:36:55",git://github.com/krotscheck/dataplay-workers.git
kspichale/twitter-storm-demo,0.8.1,"2012-10-30 14:32:11",git://github.com/kspichale/twitter-storm-demo.git
aubdiy/simple-kafka-spout,0.9.0,"2014-10-21 12:02:21",git://github.com/aubdiy/simple-kafka-spout.git
polypus-twitter/sentiment-classifier,1.0.0,"2017-07-10 14:16:53",git://github.com/polypus-twitter/sentiment-classifier.git
creid31/storm-kafka-experiment,1.0.2,"2017-01-20 22:06:34",git://github.com/creid31/storm-kafka-experiment.git
tony0918/report-process-topology,0.9.2,"2014-09-24 09:52:13",git://github.com/tony0918/report-process-topology.git
dgreenshtein/storm-twitter-sentiments,1.0.1,"2022-10-07 14:56:10",git://github.com/dgreenshtein/storm-twitter-sentiments.git
zergeborg/fogetti-phish-classifier,1.0.1,"2016-06-23 02:11:59",git://github.com/zergeborg/fogetti-phish-classifier.git
DavidKunkun/storm_spring_boot_demo-master,1.1.0,"2022-11-04 22:48:06",git://github.com/DavidKunkun/storm_spring_boot_demo-master.git
roc41d/apache-storm-trident-example,2.2.0,"2021-01-08 19:13:03",git://github.com/roc41d/apache-storm-trident-example.git
MichaelCTH/NEC_Detection_Storm,1.0.1,"2018-04-20 05:14:38",git://github.com/MichaelCTH/NEC_Detection_Storm.git
newnius/StreamSpider,2.1.1,"2017-06-27 02:22:37",git://github.com/newnius/StreamSpider.git
Parth-Brahmbhatt/storm-smoke-test,0.9.3,"2014-08-06 16:50:29",git://github.com/Parth-Brahmbhatt/storm-smoke-test.git
ap0n/distributed-lossy-counting,0.9.1,"2016-09-10 06:56:38",git://github.com/ap0n/distributed-lossy-counting.git
acupple/stormv-spring-tracer,1.0.0,"2015-12-24 08:25:57",git://github.com/acupple/stormv-spring-tracer.git
allaves/storm-query-operators,0.9.0,"2014-11-14 18:11:53",git://github.com/allaves/storm-query-operators.git
sakserv/storm-kafka-hdfs-starter,0.9.3,"2015-01-10 13:40:15",git://github.com/sakserv/storm-kafka-hdfs-starter.git
jacky-wangjj/storm-kafka-examples,1.1.0,"2019-02-14 10:31:48",git://github.com/jacky-wangjj/storm-kafka-examples.git
WBSS/myCoffeeStorm,0.9.3,"2015-07-31 09:37:13",git://github.com/WBSS/myCoffeeStorm.git
abulbasar/storm-word-count,0.9.3,"2017-07-25 11:52:41",git://github.com/abulbasar/storm-word-count.git
thilinamb/storm-resource-group-scheduler,1.0.1,"2016-07-18 23:45:51",git://github.com/thilinamb/storm-resource-group-scheduler.git
wkoszolko/storm-local-docker-setup,2.2.0,"2021-06-24 22:34:39",git://github.com/wkoszolko/storm-local-docker-setup.git
caofangkun/storm-eclipse-plugin,0.11.0,"2015-07-09 09:47:42",git://github.com/caofangkun/storm-eclipse-plugin.git
ArthurZhong/SparkStormKafkaTest,0.9.2,"2015-07-03 02:32:49",git://github.com/ArthurZhong/SparkStormKafkaTest.git
pawankeshri/kafka-storm-integration,0.9.3,"2022-12-27 14:42:22",git://github.com/pawankeshri/kafka-storm-integration.git
ep-infosec/33_apache_storm,0.11.0,"2022-12-10 19:59:59",git://github.com/ep-infosec/33_apache_storm.git
miguelangelprogramacion/spring4-storm-cassandra,0.10.0,"2015-08-25 18:57:24",git://github.com/miguelangelprogramacion/spring4-storm-cassandra.git
radcheb/Storm-tweets-sentiment,0.9.4,"2015-04-13 07:52:40",git://github.com/radcheb/Storm-tweets-sentiment.git
kandu009/Storm-IEEE-tutorial,0.9.3,"2015-03-24 17:50:57",git://github.com/kandu009/Storm-IEEE-tutorial.git
anshuiisc/storm-Allbolts-wiring,0.8.2,"2017-11-21 04:58:54",git://github.com/anshuiisc/storm-Allbolts-wiring.git
mike10004/shiro-stormpath-example,0.6.0,"2015-05-01 19:38:42",git://github.com/mike10004/shiro-stormpath-example.git
pathbreak/reddit-sentiment-storm,0.9.5,"2016-09-11 10:06:23",git://github.com/pathbreak/reddit-sentiment-storm.git
ffr4nz/kafkaStorm-Filter-Msg,1.2.2,"2020-03-30 11:48:19",git://github.com/ffr4nz/kafkaStorm-Filter-Msg.git
tibkiss/storm-1.x,0.8.2,"2017-02-05 14:13:43",git://github.com/tibkiss/storm-1.x.git
rohankumardubey/storm-benchmark-sol,1.0.0,"2022-03-10 17:48:42",git://github.com/rohankumardubey/storm-benchmark-sol.git
keedio/storm-es-poc,0.1.4,"2019-09-17 08:01:19",git://github.com/keedio/storm-es-poc.git
joaoascenso/HWX-storm-fraudDetection,0.9.3,"2015-06-30 22:56:57",git://github.com/joaoascenso/HWX-storm-fraudDetection.git
danyongliu/storm-graphite-metrics,0.9.2,"2014-11-27 09:48:27",git://github.com/danyongliu/storm-graphite-metrics.git
sakserv/storm-twitter-test,0.9.1,"2014-05-30 03:49:24",git://github.com/sakserv/storm-twitter-test.git
rajeevkumarv/apache-storm-stress-test,1.0.2,"2017-01-30 08:28:04",git://github.com/rajeevkumarv/apache-storm-stress-test.git
rohankumardubey/storm-smoke-test,0.9.3,"2022-03-10 17:47:48",git://github.com/rohankumardubey/storm-smoke-test.git
recursosCSWuniandes/auth-shiro-stormpath,0.6.0,"2016-08-12 14:43:19",git://github.com/recursosCSWuniandes/auth-shiro-stormpath.git
reference-project/Storm-Simple-Crawler,0.9.2,"2014-11-13 07:53:46",git://github.com/reference-project/Storm-Simple-Crawler.git
alexholmes/storm-trending-words,0.8.2,"2016-03-09 23:42:18",git://github.com/alexholmes/storm-trending-words.git
Blackmist/hdinsight-java-storm-mongodb,1.1.0,"2017-12-06 19:04:10",git://github.com/Blackmist/hdinsight-java-storm-mongodb.git
adian98/storm-netflow-attack-detelect,0.9.6,"2017-02-21 09:40:34",git://github.com/adian98/storm-netflow-attack-detelect.git
Hansen-chen/storm_for_uranus,0.11.0,"2022-12-16 04:54:22",git://github.com/Hansen-chen/storm_for_uranus.git
ygr81/storm-microbatching-example,1.2.1,"2018-06-01 09:52:15",git://github.com/ygr81/storm-microbatching-example.git
saurabh-slacklife/kafka-storm-redis,2.0.0,"2019-10-01 12:54:24",git://github.com/saurabh-slacklife/kafka-storm-redis.git
simonellistonball/syslog-storm-sample,0.9.3,"2015-07-08 17:53:56",git://github.com/simonellistonball/syslog-storm-sample.git
kineticadb/kinetica-connector-storm,1.1.3,"2022-01-04 15:34:50",git://github.com/kineticadb/kinetica-connector-storm.git
shoppingwang/storm-kafka-plus-sample,0.9.5,"2017-03-18 09:47:42",git://github.com/shoppingwang/storm-kafka-plus-sample.git
himadriganguly/gitcommit-count-storm,1.1.3,"2020-10-13 08:31:00",git://github.com/himadriganguly/gitcommit-count-storm.git
tandingbo/storm-1.2.1,0.8.2,"2018-04-14 16:48:54",git://github.com/tandingbo/storm-1.2.1.git
tristann9/storm-mqtt-to-timeseries,0.10.0,"2016-05-05 19:05:02",git://github.com/tristann9/storm-mqtt-to-timeseries.git
chen0040/storm-sentiment-analysis,0.9.0,"2018-03-15 10:18:31",git://github.com/chen0040/storm-sentiment-analysis.git
sunshinenum/storm-log-analysis,0.9.2,"2016-09-27 03:07:44",git://github.com/sunshinenum/storm-log-analysis.git
MichaelCTH/Twitter-TrendingTag-Storm,1.0.1,"2018-04-27 16:27:50",git://github.com/MichaelCTH/Twitter-TrendingTag-Storm.git
vocky/kafka-storm-fcd-process,0.9.2,"2016-03-09 09:07:55",git://github.com/vocky/kafka-storm-fcd-process.git
debalguha/storm-jms-custom,0.9.3,"2016-06-28 20:48:17",git://github.com/debalguha/storm-jms-custom.git
prabhugs/kafka-storm-file,0.9.6,"2016-02-29 05:55:29",git://github.com/prabhugs/kafka-storm-file.git
ConanDennis/kafka_storm_private,0.10.1,"2017-10-31 08:40:15",git://github.com/ConanDennis/kafka_storm_private.git
anshuiisc/storm-Rebalance-Ack,0.8.2,"2017-11-21 12:16:59",git://github.com/anshuiisc/storm-Rebalance-Ack.git
Franjs88/Twitter-Processor-Storm,0.9.2,"2016-04-01 08:14:42",git://github.com/Franjs88/Twitter-Processor-Storm.git
ep-infosec/29_walmartlabs_storm,0.10.1,"2022-12-10 08:51:40",git://github.com/ep-infosec/29_walmartlabs_storm.git
otokunaga2/BeaconStormAnalyzer,0.9.1,"2016-03-09 01:33:24",git://github.com/otokunaga2/BeaconStormAnalyzer.git
aeoluswqq/storm-kafka-redis,0.10.0,"2016-03-09 06:08:15",git://github.com/aeoluswqq/storm-kafka-redis.git
jkutk/bigdata-storm-demo,0.9.2,"2014-12-17 09:42:40",git://github.com/jkutk/bigdata-storm-demo.git
forter/storm-topology-api,0.10.0,"2016-08-25 12:39:55",git://github.com/forter/storm-topology-api.git
christiangda/test-storm-metrics-influxdb,1.0.3,"2017-06-07 14:13:34",git://github.com/christiangda/test-storm-metrics-influxdb.git
OpenPOWER-BigData/HDP2.5-storm-solr,0.9.4,"2022-04-12 21:54:14",git://github.com/OpenPOWER-BigData/HDP2.5-storm-solr.git
jacky-wangjj/storm-hive-streaming-example-wjj,1.1.0,"2019-01-31 08:24:19",git://github.com/jacky-wangjj/storm-hive-streaming-example-wjj.git
Tjcug/apache-storm-1.1.1,0.8.2,"2018-01-24 12:43:34",git://github.com/Tjcug/apache-storm-1.1.1.git
anshuiisc/Dynamic-storm-1.0.3,0.8.2,"2017-11-21 09:38:37",git://github.com/anshuiisc/Dynamic-storm-1.0.3.git
Flipkart/fbe_fa_tagging_poc_storm,0.9.2,"2016-11-10 12:51:04",git://github.com/Flipkart/fbe_fa_tagging_poc_storm.git
cjnolet/flowbox,0.8.2,"2016-03-09 16:55:49",git://github.com/cjnolet/flowbox.git
stormpath/stormpath-shiro-migrate-to-servlet-plugin,0.7.0,"2017-03-07 00:03:27",git://github.com/stormpath/stormpath-shiro-migrate-to-servlet-plugin.git
supermy/storm-kafka-0.8-plus-test,0.9.3,"2015-04-03 03:30:50",git://github.com/supermy/storm-kafka-0.8-plus-test.git
alexwoolford/tweet-buckets,1.0.1,"2016-06-14 13:34:00",git://github.com/alexwoolford/tweet-buckets.git
thilinamb/debs14-grand-challenge,0.9.0,"2016-03-15 19:07:36",git://github.com/thilinamb/debs14-grand-challenge.git
UM-NLP/Streaming,2.1.0,"2022-11-16 05:23:01",git://github.com/UM-NLP/Streaming.git
CGCL-codes/Whale,0.8.2,"2021-06-24 08:01:04",git://github.com/CGCL-codes/Whale.git
panagiotisl/DiCeS,1.2.2,"2019-05-14 07:19:17",git://github.com/panagiotisl/DiCeS.git
keedio/Storm-0.9.1-Kafka-0.8-Test,0.3.0,"2016-03-09 21:17:55",git://github.com/keedio/Storm-0.9.1-Kafka-0.8-Test.git
vriesdemichael/streaming-benchmarks,1.1.0,"2017-05-04 07:54:36",git://github.com/vriesdemichael/streaming-benchmarks.git
bipinprasad/lightning,0.11.0,"2022-06-28 22:42:57",git://github.com/bipinprasad/lightning.git
preems/realtime-event-processing,0.9.4,"2016-03-09 23:41:58",git://github.com/preems/realtime-event-processing.git
RichardKavanagh/sentiment-analysis,0.9.1,"2015-06-20 14:44:28",git://github.com/RichardKavanagh/sentiment-analysis.git
escudocloud/joinIntegrity,0.9.1,"2018-02-09 17:20:02",git://github.com/escudocloud/joinIntegrity.git
Tjcug/DStream,1.0.2,"2019-05-18 05:45:33",git://github.com/Tjcug/DStream.git
DStream-Storm/DStream,1.0.2,"2019-03-25 12:41:20",git://github.com/DStream-Storm/DStream.git
Whale2021/Whale,0.8.2,"2021-06-03 13:55:48",git://github.com/Whale2021/Whale.git
WYonghui/Whale-1,0.8.2,"2020-01-31 18:25:38",git://github.com/WYonghui/Whale-1.git
